sentence_id,speech_id,year,president,speaker,regime,sentence_number,sentence,primary_theme,secondary_theme,policy,tense
1_5,1,1993,김영삼,김영삼,보수,5,"그러나 문민 민주화를 향해 우리가 걸어온 고난에 찬 력정에서 볼 때, 광주 민주화 운동은 우뚝한 한 봉우리를 차지하고 있습니다",T7,[],False,현재
1_9,1,1993,김영삼,김영삼,보수,9,"80년 5월의 민주화 운동, 그리고 87년 6월 항쟁을 통해 마침내 우리는 이 땅에 문민 민주정부를 세웠습니다",T7,[],False,과거
1_15,1,1993,김영삼,김영삼,보수,15,"광주의 유혈을 막지 못한 책임을 통감하면서, 잃어 버린 민주주의를 되찾기 위해서였습니다",T1,[],False,과거
1_16,1,1993,김영삼,김영삼,보수,16,분명히 말하거니와 오늘의 정부는 광주 민주화 운동의 연장선에 있는 민주정부입니다,T7,[],False,현재
1_17,1,1993,김영삼,김영삼,보수,17,"광주 민주화 운동의 부권과 명예회복, 그리고 그때의 상처와 아픔을 치유하기 위하여 광주 시민 여러분과 같은 입장에 서서 고뇌하는 정부입니다",T5,"[""T7""]",False,현재
1_18,1,1993,김영삼,김영삼,보수,18,또한 문민 정부의 출범과 그 개혁은 광주 민주화 운동의 역사적 의미를 실현시켜 나가는 과정입니다,T7,[],False,현재
1_19,1,1993,김영삼,김영삼,보수,19,광주문제는 더 이상 앙금으로 남아 있어서는 안됩니다,T3,[],False,현재
1_20,1,1993,김영삼,김영삼,보수,20,"결코 정치적 목적으로 이용되거나, 정쟁의 대상이 되어서는 안됩니다",T3,[],False,현재
1_22,1,1993,김영삼,김영삼,보수,22,광주의 아픔은 치유되고 명예회복도 이루어져야 한다고 믿습니다,T5,[],False,현재
1_23,1,1993,김영삼,김영삼,보수,23,"그것은 광주의 고통을 온국민이 함께 나누고, 광주의 민주정신을 전국적으로 승화시키는 방향에서, 그리고 광주 시민이 원하고 국민 모두가 공감할 수 있는 방향에서 이루어져야 할 것입니다",T6,"[""T3""]",False,미래
1_24,1,1993,김영삼,김영삼,보수,24,"첫째, 5·18 광주 민주화 운동의 정신을 기리고 그 명예를 높일 수 있는 사업을 적극 지원할 것입니다",T6,[],True,미래
1_25,1,1993,김영삼,김영삼,보수,25,"우선, 광주 시민과 온국민이 그날을 기념할 수 있도록 광주시에서 기념일을 먼저 제정하기를 희망합니다",T6,[],True,미래
1_26,1,1993,김영삼,김영삼,보수,26,망월동 묘역은 민주성지로 가꾸어 나갈 수 있도록 묘역의 확장 등 필요한 지원을 다할 것입니다,T6,[],True,미래
1_27,1,1993,김영삼,김영삼,보수,27,"광주 시민과 전남 도민의 의사에 따라 현재 광주 시내에 있는 전남도청을 전남도 관내로 이전하고, 당시 민주화 운동의 현장이었던 현 도청 위치에 5·18 광주 민주화 운동 기념공원을 조성하고 기념탑을 세우는 방안을 적극 검토, 지원할 것입니다",T6,[],True,미래
1_28,1,1993,김영삼,김영삼,보수,28,현재 상무대 부지의 일부를 광주시에 추가로 무상 사용케 함으로써 시민공원을 조성하도록 할 것입니다,T6,[],True,미래
1_29,1,1993,김영삼,김영삼,보수,29,"둘째, 광주 민주화 운동과 관련하여 아직까지 억울한 처지에 있는 분들을 위로하는 데 필요한 모든 노력과 지원을 다할 것입니다",T5,[],False,미래
1_30,1,1993,김영삼,김영삼,보수,30,사망자와 행방 불명자 및 부상자 중에서 아직까지 법률에 의하여 보상을 받지 못한 분들을 위하여 추가 신고기회를 제공할 것입니다,T5,[],True,미래
1_31,1,1993,김영삼,김영삼,보수,31,"당시 연행, 구금되거나 유죄판결을 받아 사면ㆍ복권된 분들에 대하여 전과기록을 완전히 말소하고 지원방안을 강구하는 등 그분들이 이 나라의 민주화에 헌신한 만큼 떳떳하게 그 명예가 회복되도록 할 것입니다",T5,[],True,미래
1_32,1,1993,김영삼,김영삼,보수,32,"당시 부상을 당하신 분 중, 앞으로도 치료가 필요한 분들에 대해서는 계속적인 치료가 가능하도록 지원하겠습니다",T5,[],True,미래
1_33,1,1993,김영삼,김영삼,보수,33,5·18 광주 민주화 운동과 관련하여 지명수배를 받은 분들에 대해서는 공식적으로 이를 해제하고 해직된 분들에 대한 복직 역시 적극 검토할 것입니다,T5,[],True,미래
1_34,1,1993,김영삼,김영삼,보수,34,"저는 우리의 법체계 안에서 가능하고, 형평의 원칙에 비추어 합리적인 모든 조치를 취해 나갈 것입니다",T5,[],True,미래
1_37,1,1993,김영삼,김영삼,보수,37,저는 광주 민주화 운동에 대한 진상규명과 그 책임자 처벌을 요구하는 주장이 있다는 것을 잘 알고 있습니다,T4,[],False,현재
1_38,1,1993,김영삼,김영삼,보수,38,그것을 위해 특별한 조치를 취해야 한다는 주장도 있다고 듣고 있습니다,T4,[],False,현재
1_39,1,1993,김영삼,김영삼,보수,39,저는 그러한 주장이 있을 수 있다고 생각합니다,T4,[],False,현재
1_41,1,1993,김영삼,김영삼,보수,41,그러나 진상규명은 역사를 올바르게 바로잡고 정당한 평가를 받자는 데 그 목적이 있습니다,T4,[],False,현재
1_42,1,1993,김영삼,김영삼,보수,42,결코 암울했던 시절의 치욕을 다시 들추어 내어 갈등을 재연하거나 누구를 벌하자는 것은 아닐 것입니다,T3,"[""T4""]",False,미래
1_43,1,1993,김영삼,김영삼,보수,43,"따라서, 지금 이 시점에서 중요한 것은 우리 국민 모두가 5·18 광주 민주화 운동의 명예를 높이 세우는 일입니다",T5,[],False,현재
1_44,1,1993,김영삼,김영삼,보수,44,진상규명과 관련하여 미흡한 부분이 있다면 이는 훗날의 역사에 맡기는 것이 도리라고 믿습니다,T4,[],False,현재
1_45,1,1993,김영삼,김영삼,보수,45,진실은 역사 속에서 반드시 밝혀지고 만다는 것이 저의 확신입니다,T4,[],False,현재
1_46,1,1993,김영삼,김영삼,보수,46,"이제, 마음과 갈등의 고리를 바로 우리 모두의 손으로 끊어야 한다고 생각합니다",T3,[],False,현재
1_47,1,1993,김영삼,김영삼,보수,47,오늘에 다시 보부적 한풀이가 되어서는 안된다고 생각합니다,T3,[],False,현재
1_48,1,1993,김영삼,김영삼,보수,48,우리 다같이 잊지는 말되 과감하게 용서함으로써 새롭게 화해하자고 말하고 싶습니다,T2,"[""T3"", ""T6""]",False,현재
1_49,1,1993,김영삼,김영삼,보수,49,용서하는 것만큼 큰 용기는 없습니다,T2,[],False,현재
1_50,1,1993,김영삼,김영삼,보수,50,그렇게 함으로써 우리 모두 13년 전의 악몽과 멍에로부터 자유로워집시다,T3,"[""T2""]",False,현재
1_52,1,1993,김영삼,김영삼,보수,52,광주 민주화 운동의 정신은 ‘신한국 창조’를 향한 참여와 창의의 열린 정신으로 승화되어야 합니다,T6,[],True,미래
1_54,1,1993,김영삼,김영삼,보수,54,"저는 광주가 과거에 매달려 있는 도시가 아니라 그 이름처럼 빛을 비추이는 도시, 우리 조국의 미래를 열어 나가는 밝은 도시로 새롭게 태어날 수 있도록 저와 우리 정부가 할 수 있는 모든 지원과 노력을 다 할 것임을 거듭 말씀드립니다",T5,[],True,미래
1_55,1,1993,김영삼,김영삼,보수,55,"저는 국민 여러분께 약속한 대로, 동서의 화해와 정의로운 국민 내부의 화해를 이룩해 나가는 데 혼신의 노력을 다 기울이겠습니다",T3,[],True,미래
1_58,1,1993,김영삼,김영삼,보수,58,저는 그것을 새롭게 일어선 광주 시민 여러분과 함께 해내고 싶습니다,T3,[],False,현재
2_6,2,1997,김영삼,총리(고건),보수,6,"돌이켜 보면, 5·18 민주화운동은 이 나라 민주주의를 지키기 위한 의로운 시민들의 결기이며 항쟁이었습니다",T7,[],False,과거
2_7,2,1997,김영삼,총리(고건),보수,7,어떠한 폭압에도 굴하지 않은 5·18 민주화운동의 정신은 지난 17년동안 수많은 국민들의 삶과 마음속에 계승되어 왔습니다,T6,[],False,과거
2_12,2,1997,김영삼,총리(고건),보수,12,이제 우리 국민 모두는 지난 1980년 5·18 민주화운동으로 인한 희생자와 피해자는 물론 광주시민들이 그동안 겪은 깊은 마음의 상처에 대해 심심한 위로를 드려야 하겠습니다,T5,[],False,미래
2_14,2,1997,김영삼,총리(고건),보수,14,이제 더 이상 5·18은 원한의 시발점이 아니라 수많은 민주시민들의 이 땅의 민주화에 온몸으로 기여한 역사적 사실을 기리는 축복의 시작이 되어야 합니다,T7,"[""T3""]",False,미래
2_15,2,1997,김영삼,총리(고건),보수,15,물론 5·18의 실상을 직접 겪은 광주시민 여러분께서는 1980년 5월의 비극을 결코 잊을 수 없을 것입니다,T6,"[""T5""]",False,미래
2_16,2,1997,김영삼,총리(고건),보수,16,그러나 불행했던 과거에 언제까지 집착할 수만은 없습니다,T3,"[""T2""]",False,현재
2_17,2,1997,김영삼,총리(고건),보수,17,광주시민 여러분께서는 그동안의 맺힌 한을 이겨내는 능동적인 시민상을 이룩해 주시기를 기대해 마지 않습니다,T2,"[""T3""]",False,미래
2_18,2,1997,김영삼,총리(고건),보수,18,그리하여 5·18 민주화운동은 광주라는 지역의 한계를 벗어나 범국민적인 보편가치로 승화되어 모든 국민들 가슴속에 자리잡아야 합니다,T7,"[""T6""]",False,미래
2_19,2,1997,김영삼,총리(고건),보수,19,오늘의 5·18 제17주기를 계기로 이제 5월 18일은 우리나라 모든 국민들이 관용하고 화해하는 출발점이 되어야 할 것입니다,T3,"[""T2""]",False,미래
2_20,2,1997,김영삼,총리(고건),보수,20,그동안의 모든 미움과 갈등의 고리를 풀고 관용하고 용서하고 화해함으로써 모두가 하나가 되는 大統合을 이루어 새롭게 출발해야 한다고 저는 믿습니다,T3,"[""T2""]",False,현재
2_21,2,1997,김영삼,총리(고건),보수,21,'잊지는 말되 용서함으로써 새롭게 출발하자'는 관용과 화해의 정신이 아니고서는 그 무엇도 5·18 민주화운동의 진정한 계승에 도움이 되지 않을 것이라는 이 지역 원로의 말씀을 귀담아 들어야 하겠습니다,T2,"[""T3"",""T6""]",False,미래
2_22,2,1997,김영삼,총리(고건),보수,22,"우리 민족은 몇 천년동안 불교, 유교, 그리고 근대의 기독교 등의 신앙생활을 통해 자비와 사랑과 화해를 지향하는 삶을 살아왔습니다",T3,[],False,과거
2_23,2,1997,김영삼,총리(고건),보수,23,우리는 이제 5·18 민주화운동의 정신이 겨레의 가슴속에 영원히 살아 숨쉴 수 있는 길이 무엇인가를 다함께 생각해야 하겠습니다,T6,[],False,미래
2_24,2,1997,김영삼,총리(고건),보수,24,불의와 폭압에 항거했던 5·18정신을 영원한 자유와 정의 그리고 민주의 숭고한 가치로 후손들 모두가 가슴에 새겨나갈 수 있도록 하는 것이 우리가 5월 민주영령들의 고귀한 희생에 보답하는 길이라고 생각합니다,T6,"[""T7""]",False,현재
3_7,3,1998,김대중,총리(김종필),진보,7,돌이켜보면 5·18 민주화운동은 이 땅의 민주주의를 지키기 위해 폭압과 폭력에 항거하여 분연히 일어선 의로운 시민들의 항쟁이었습니다,T7,[],False,과거
3_8,3,1998,김대중,총리(김종필),진보,8,"5·18 민주화운동은 애국시민들의 뜨거운 민주열정을 불러일으킨 거대한 활화산이 되어, 언제까지나 이 나라 민주발전의 고귀한 밑거름이 될 것이라고 믿습니다",T6,"[""T7""]",False,현재
3_10,3,1998,김대중,총리(김종필),진보,10,"이제 5월 민주영령들은 이 나라 민주주의의 화신으로, 또 이 땅의 자유와 정의를 지키는 수호신으로 되살아나고 있다고 믿습니다",T6,"[""T7""]",False,현재
3_11,3,1998,김대중,총리(김종필),진보,11,"우리는 어떠한 폭압에도 굴하지 않은 5·18 민주화운동의 정신을 우리 역사와 민족의 삶 속에 소중히 간직하여, 영원히 이 나라 이 겨레의 자유와 민주를 지키는 등불로 삼아 나가야 할 것입니다",T6,"[""T7""]",False,미래
3_12,3,1998,김대중,총리(김종필),진보,12,"경애하는 국민 여러분, 그리고 광주시민 여러분. 이제 5·18 민주화운동은 더 이상 광주의 것만은 아닙니다. 5·18 민주화운동은 쉼없이 지속해 온 이 땅의 민주화 역정 가운데 우뚝 선 봉우리로서, 모든 지역 모든 국민의 가슴에 깊이 간직되고 있습니다",T7,"[""T6""]",False,현재
3_13,3,1998,김대중,총리(김종필),진보,13,나아가 5·18의 정신은 세계 모든 민주세력이 우러러 지향하는 민주주의운동과 인권사회운동의 상징이 되고 있습니다,T7,[],False,현재
3_14,3,1998,김대중,총리(김종필),진보,14,"5·18 민주화운동 18주년을 맞아 광주시민 여러분께서 펼치고 계신 ‘인권과 평화, 화합의 미래로’라는 주제처럼, 이제 5·18은 우리나라를 넘어 세계의 평화와 화합된 미래를 여는 새로운 출발점이 될 것이라고 굳게 믿습니다",T7,"[""T3""]",False,현재
3_17,3,1998,김대중,총리(김종필),진보,17,"이러한 때, 국민 모두는 이 나라를 위해 스스로를 던지신 5·18 민주영령들의 희생을 가슴깊이 새기면서, 오늘의 국가적 위기를 이겨내려는 결의를 굳게 다져야 하겠습니다",T6,"[""T5""]",False,미래
3_18,3,1998,김대중,총리(김종필),진보,18,"나라를 위해 자신의 작은 것을 버리고 다 함께 고통의 멍에를 나누는 것이 곧 5·18 민주영령들께서 오늘의 우리에게 바라는 바일 것이라고 믿습니다. 80년 5월, 그 날의 의미를 되새긴다면 우리는 어떠한 어려움도 반드시 극복해 나갈 수 있으리라 확신합니다",T6,"[""T5""]",False,현재
3_19,3,1998,김대중,총리(김종필),진보,19,5·18 정신이 민주발전의 초석이 되고 국난극복의 원동력으로 승화되어 나갈 수 있도록 우리 모두 온 힘을 다해야 하겠습니다,T6,"[""T7""]",False,미래
4_6,4,1999,김대중,총리(김종필),진보,6,"돌이켜보면, 5·18 민주화운동은 폭력과 억압으로부터 자유와 민주주의를 지키기 위해 분연히 일어섰던 의로운 시민들의 항쟁이었습니다",T7,[],False,과거
4_7,4,1999,김대중,총리(김종필),진보,7,"실로 5·18 민주화운동은 우리나라 민주화 여정에 우뚝 선 봉우리로서, 앞으로도 영원히 꺼지지 않는 민주주의의 횃불이 되리라 믿습니다",T7,"[""T6""]",False,현재
4_11,4,1999,김대중,총리(김종필),진보,11,나아가 5·18 민주화운동을 광주의 것만이 아니라 자유와 정의를 사랑하는 세계 모든 민주시민들이 우러러 지향해야 할 민주주의 운동의 상징으로 승화시켜 나가는 데도 힘을 모을 것입니다,T7,"[""T6""]",False,미래
4_12,4,1999,김대중,총리(김종필),진보,12,이제 우리 국민 모두는 5·18 민주화운동의 정신을 가슴깊이 간직하고 새로운 21세기를 희망의 시대로 열어 나가려는 결의를 굳게 해야 하겠습니다,T6,"[""T7""]",False,미래
4_13,4,1999,김대중,총리(김종필),진보,13,5·18 정신이 겨레의 가슴속에 영원히 살아 숨쉬면서 민주주의 발전의 초석이 되고 국난극복의 원동력이 될 수 있도록 우리 모두 온 정성을 다해야 하겠습니다,T6,"[""T7""]",False,미래
4_15,4,1999,김대중,총리(김종필),진보,15,우리는 그 동안의 갈등의 고리를 끊고 국민 모두가 하나가 되어서 대화해를 이룩한 가운데 미래를 향해 출발해야 할 것입니다,T3,"[""T2""]",False,미래
4_16,4,1999,김대중,총리(김종필),진보,16,이것이야말로 목숨을 바쳐 이 나라의 자유와 민주를 지켜내신 5·18 민주영령들의 고귀한 희생을 더욱 값지게 하는 길이라고 믿습니다,T6,"[""T3""]",False,현재
4_17,4,1999,김대중,총리(김종필),진보,17,그 어려운 상황 속에서도 나라를 위해 떨쳐 일어섰던 19년 전의 5·18 정신을 되새긴다면 우리는 어떠한 난관도 극복해낼 수 있으리라고 기대합니다,T6,"[""T5""]",False,현재
5_4,5,2000,김대중,김대중,진보,4,20년전 오늘 민주주의 수호를 위해 고귀한 생명을 불사른 민주영령 앞에 이제 저는 대한민국 대통령으로서 서 있습니다,T6,"[""T7""]",False,현재
5_5,5,2000,김대중,김대중,진보,5,"이름만 불러도 가슴이 저미는 충장로와 금남로, 그리고 전라남도 도청에서 빛도 없이 쓰러져간 수많은 민주주의의 영웅들을 생각할 때마다 저는 한없는 슬픔과 감동, 그리고 새로운 각오를 갖게 됩니다",T6,"[""T7""]",False,현재
5_12,5,2000,김대중,김대중,진보,12,"가신 임들을 위해서, 그리고 이 나라 민주주의를 위해서 내가 할 수 있는 일은 그분들의 뒤를 따라 정의롭게 죽는 것 뿐이라고 생각했습니다",T6,[],False,과거
5_13,5,2000,김대중,김대중,진보,13,"그것만이 민주영령과 국민, 그리고 역사 앞에 영원히 사는 길이라고 결심했습니다",T6,[],False,과거
5_18,5,2000,김대중,김대중,진보,18,임들이 스스로의 몸으로 불살랐던 민주화의 불꽃은 그 후 암흑같은 독재의 치하에서도 꺼지지 않고 불타올랐습니다,T7,"[""T6""]",False,과거
5_19,5,2000,김대중,김대중,진보,19,"줄기찬 민주화의 불길은 87년 6월 전국적인 시민항쟁으로 번져나갔고, 마침내 97년 12월 헌정사상 최초의 여야간 정권교체를 이루는 민주주의의 커다란 성취로 이어졌던 것입니다",T7,[],False,현재
5_20,5,2000,김대중,김대중,진보,20,위대한 광주의 정신이 살아서 승리한 것입니다,T7,"[""T6""]",False,현재
5_21,5,2000,김대중,김대중,진보,21,그에 따라 '폭도'로 몰렸던 그날의 광주시민은 이제 민주주의의 위대한 수호자로서 전 세계인의 추앙을 받고 있습니다,T5,"[""T7""]",False,현재
5_23,5,2000,김대중,김대중,진보,23,오늘 5·18 민주화운동 20주년을 맞아 저는 이 나라 민주제단에 몸을 던져 산화하신 임들의 고귀한 영전에 다시한번 뜨거운 추모를 올리면서 삼가 명복을 빌어마지 않습니다,T6,[],False,미래
5_24,5,2000,김대중,김대중,진보,24,또한 오늘 이 순간까지 그날의 상처로 슬픔과 고통을 겪고 계신 유가족과 부상자 여러분에게도 충심으로 위로의 말씀을 드립니다,T5,[],False,현재
5_27,5,2000,김대중,김대중,진보,27,5·18의 광주는 우리에게 위대한 교훈을 남겨 주었습니다,T6,"[""T7""]",False,과거
5_29,5,2000,김대중,김대중,진보,29,5·18에서 우리가 보았던 첫 번째 정신은 인권정신이었습니다,T7,[],False,과거
5_30,5,2000,김대중,김대중,진보,30,불의한 권력의 무자비한 폭력에 맞서서 광주는 인간의 소중한 권리를 지키고자 싸웠습니다,T7,[],False,과거
5_33,5,2000,김대중,김대중,진보,33,둘째는 비폭력의 정신이었습니다,T7,[],False,과거
5_34,5,2000,김대중,김대중,진보,34,광주시민은 맨손으로 잔혹한 총칼에 맞섰습니다,T7,[],False,과거
5_36,5,2000,김대중,김대중,진보,36,무기를 손에 넣고도 결코 이를 사용해서 누구에게도 살상을 가하지 않았습니다,T7,[],False,과거
5_37,5,2000,김대중,김대중,진보,37,철저한 비폭력의 정신이었던 것입니다,T7,[],False,현재
5_38,5,2000,김대중,김대중,진보,38,셋째는 성숙한 시민정신이었습니다,T7,[],False,과거
5_39,5,2000,김대중,김대중,진보,39,공권력의 공백 속에서도 광주에는 단 한건의 약탈이나 방화도 없었습니다,T7,[],False,과거
5_40,5,2000,김대중,김대중,진보,40,그 어떤 혼란이나 무질서도 없었습니다,T7,[],False,과거
5_41,5,2000,김대중,김대중,진보,41,시민 모두가 동지애와 높은 질서의식을 가지고 서로를 보살피고 치안을 지켰습니다,T7,[],False,과거
5_42,5,2000,김대중,김대중,진보,42,이것은 세계에서도 유례없는 일입니다,T7,[],False,현재
5_43,5,2000,김대중,김대중,진보,43,넷째는 평화의 정신이었습니다,T7,[],False,과거
5_44,5,2000,김대중,김대중,진보,44,"시민자치가 이루어진 열흘동안 어떠한 보복도 없었으며, 광주시민들은 진압군 측과 대화를 시도하는 등 항쟁의 평화적 해결을 위해 부단히 노력했습니다",T7,[],False,과거
5_47,5,2000,김대중,김대중,진보,47,광주시민의 행동이야말로 인간이 극한 상황에서도 얼마나 위대한 선택을 할 수 있는지를 보여준 인간승리의 대서사시였기 때문입니다,T7,[],False,현재
5_48,5,2000,김대중,김대중,진보,48,이제 우리는 5·18 광주항쟁이 구현한 고귀한 뜻과 정신이 영원히 살아 숨쉬도록 해야 합니다,T6,"[""T7""]",False,미래
5_49,5,2000,김대중,김대중,진보,49,지나간 과거가 아니라 언제나 현재로서 뜨겁게 불타오르도록 해야 합니다,T6,[],False,미래
5_53,5,2000,김대중,김대중,진보,53,"그런 점에서 저는 광주시민과 5·18 기념행사위원회가 다양한 국제적 교류를 통해 5·18의 역사적 의의와 공헌을 재조명하고, 전 세계 민주시민과의 연대와 협력을 다지고 있는 것을 매우 뜻깊고 바람직하게 생각하는 바입니다",T6,"[""T7""]",True,현재
5_54,5,2000,김대중,김대중,진보,54,정부는 5·18 항쟁의 고귀한 정신과 값진 헌신이 역사 속에 영원히 기억되고 크게 선양될 수 있도록 최선의 노력을 다할 것입니다,T6,"[""T5""]",True,미래
5_55,5,2000,김대중,김대중,진보,55,특별법을 조속히 제정하겠습니다,T5,[],True,미래
5_56,5,2000,김대중,김대중,진보,56,"그에 따라 『광주민주화운동 관련자 보상 등에 관한 법률』에 의해 보상을 받았거나 앞으로 받게될 모든 5·18 희생자들을 '민주화 유공자'로 예우하고, 5·18 묘역을 국립묘지로 승격시킬 것입니다",T5,"[""T6""]",True,미래
5_57,5,2000,김대중,김대중,진보,57,"이와 함께 각종 기념사업을 실시하여 5·18 민주화운동에 참여했던 분들의 명예와 자긍심을 높이고, 5·18의 숭고한 정신을 길이 계승, 발전시켜 나갈 것입니다",T5,"[""T6""]",True,미래
5_59,5,2000,김대중,김대중,진보,59,"이 땅에 살고 있는 사람들 중 그 어느 누가 그날의 광주에 빚지지 않은 사람이 있겠습니까, 이제는 우리가 살아남은 사람들로서의 의무를 다해야 할 때입니다",T7,"[""T6""]",False,미래
5_70,5,2000,김대중,김대중,진보,70,화해와 대화합의 시대를 열어가야 합니다,T3,[],False,미래
5_71,5,2000,김대중,김대중,진보,71,그것이야말로 가신 임들의 고귀한 뜻을 받드는 길입니다,T6,"[""T3""]",False,현재
5_72,5,2000,김대중,김대중,진보,72,5·18 광주정신을 완성하는 길인 것입니다,T7,"[""T3""]",False,현재
5_73,5,2000,김대중,김대중,진보,73,"광주민주화운동 20주년이 되는 오늘을 기해서 이제 지역간, 계층간의 모든 분열과 대립을 종식시켜야 하겠습니다",T3,[],False,미래
5_74,5,2000,김대중,김대중,진보,74,특히 망국적인 지역감정의 사슬을 단호히 끊고 화합과 협력의 새 시대로 힘차게 나아가야 하겠습니다,T3,[],False,미래
5_75,5,2000,김대중,김대중,진보,75,나아가서 우리는 남북이 평화의 토대 위에서 서로 협력하고 공존공영하는 민족의 대화합을 이룩해야 합니다,T3,[],False,미래
5_78,5,2000,김대중,김대중,진보,78,우리는 이번 회담이 민족사의 물줄기를 신뢰와 화합으로 돌려놓는 커다란 분수령이 되도록 노력해야 하겠습니다,T3,[],False,미래
5_79,5,2000,김대중,김대중,진보,79,민족의 장래를 크게 열어가는 이 일에 온 국민이 하나가 되어야 하겠습니다,T3,[],False,미래
5_80,5,2000,김대중,김대중,진보,80,그것이야말로 5·18 민주영령들의 값진 희생에 보답하고 후손들에게 자랑스러운 조상이 되는 길이라는 것을 저는 확신해 마지 않습니다,T6,"[""T3""]",False,미래
5_82,5,2000,김대중,김대중,진보,82,5·18은 우리 가슴 속에 영원히 살아 있을 것입니다,T6,[],False,미래
5_83,5,2000,김대중,김대중,진보,83,우리 모두에게 민주주의의 앞길을 밝히는 불멸의 횃불이 될 것입니다,T6,"[""T7""]",False,미래
6_5,6,2001,김대중,총리(이한동),진보,5,"돌이켜보면, 5·18민주화운동은 부당한 압제에 짓밟힌 민주주의와 인권, 그리고 자유를 지키기 위해 일어섰던 의로운 시민들의 항쟁이었습니다",T7,[],False,과거
6_7,6,2001,김대중,총리(이한동),진보,7,실로 5·18민주화운동은 이 땅의 자유민주주의를 되살리기 위해 분연히 결기한 반독재 민주투쟁으로서 우리 민주화 여정에 우뚝선 봉우리가 되고 있다고 믿습니다,T7,[],False,현재
6_11,6,2001,김대중,총리(이한동),진보,11,"또한, 광주시민과 희생자들의 고귀한 정신이 역사 속에 영원히 살아 숨쉬고 세계 속에 크게 선양될 수 있도록 하는 데에도 힘을 모을 것입니다",T6,"[""T7""]",False,미래
6_15,6,2001,김대중,총리(이한동),진보,15,"우리 국민 모두는 언제까지나 5·18정신을 민족화합과 통일을 밝히는 꺼지지 않는 등불로 가슴에 간직하면서, 인류사회의 모범이 되는 민주인권국가를 구현해 나가는 정신적 지주로 삼아 나가야 하겠습니다",T6,"[""T7""]",False,미래
6_16,6,2001,김대중,총리(이한동),진보,16,"올해 5·18민주화운동 기념제의 주제인 '5월은 한마음, 통일로 한걸음'이라는 표현처럼, 5·18정신이 평화·인권·통일로 승화되어 겨레의 새로운 이정표가 되기를 기대해 마지않습니다",T7,"[""T6""]",False,미래
6_18,6,2001,김대중,총리(이한동),진보,18,"새로운 21세기를 맞이하여 우리는 사회내부의 모든 갈등과 분열을 극복하고, 화해와 협력을 바탕으로 새로운 통일시대를 열어나가야 할 중차대한 과제 앞에 서 있습니다",T3,[],False,현재
6_19,6,2001,김대중,총리(이한동),진보,19,"지역간·계층간의 대립과 분열을 종식시키고, 모든 국민이 더불어 잘 사는 정의롭고 복된 사회를 이루어가기 위해서 함께 힘과 지혜를 모아야 할 때입니다",T3,[],False,미래
6_20,6,2001,김대중,총리(이한동),진보,20,이것이야말로 목숨을 바쳐 이 나라의 인권과 자유민주주의를 지켜내신 5·18민주영령들의 고귀한 희생에 보답하는 길이라고 확신합니다,T6,"[""T3""]",False,현재
6_21,6,2001,김대중,총리(이한동),진보,21,오늘 새 세기들어 처음 맞이하는 5·18민주화운동 21주년이 민족의 대화합을 향해 힘차게 전진하는 소중한 출발점이 되기를 간절히 소망해 마지않습니다,T3,"[""T6""]",False,미래
7_6,7,2002,김대중,총리(이한동),진보,6,실로 5·18민주화운동은 우리나라 민주화의 역사에 커다란 획을 그은 의로운 시민들의 민주항쟁이었습니다,T7,[],False,과거
7_7,7,2002,김대중,총리(이한동),진보,7,나아가 5·18운동은 우리 한국인은 물론 세계의 자유시민들에게 민주주의와 인권의 소중한 가치를 일깨우는 정신적 지표가 되어 왔다고 믿습니다,T7,"[""T6""]",False,현재
7_9,7,2002,김대중,총리(이한동),진보,9,"이제 5·18민주화운동 22주년을 맞이한 우리는 5·18정신이 후대에까지 영원히 살아 숨쉬는 역사로서 계승·발전되고, 또 세계에 널리 선양될 수 있도록 하는 데 힘과 정성을 모아야 하겠습니다",T6,"[""T7""]",False,미래
7_15,7,2002,김대중,총리(이한동),진보,15,"국민 모두는 5·18정신을 민족화합과 통일을 밝히는 영원한 등불로 가슴에 간직하면서, 인류사회의 모범이 되는 민주국가를 구현해 나가는 정신적 지주로 삼아 나가야 하리라고 굳게 믿습니다",T6,"[""T7""]",False,현재
7_16,7,2002,김대중,총리(이한동),진보,16,이러한 노력을 통하여 5·18민주영령들의 숭고한 희생과 나라사랑이 국민정신으로 승화되어 이 땅에 언제까지나 정의롭고 복된 나라를 이루어 나가는 기반이 되기를 염원해마지 않습니다,T6,"[""T7""]",False,미래
7_23,7,2002,김대중,총리(이한동),진보,23,나아가 이러한 노력만이 오늘을 사는 우리가 조국과 민족을 위해 모든 것을 바치신 민주영령들의 숭고한 희생에 보답하는 길이라고 굳게 믿습니다,T6,[],False,현재
8_6,8,2003,노무현,노무현,진보,6,1980년 당시 자유와 민주주의를 외치던 광주의 함성은 정부와 언론에 의해 불순분자의 난동으로 왜곡되기도 했습니다,T5,"[""T7""]",False,과거
8_7,8,2003,노무현,노무현,진보,7,"자유와 정의, 인권을 부르짖은 시민들은 폭도로 매도되었습니다",T5,[],False,과거
8_8,8,2003,노무현,노무현,진보,8,정의와 양심의 분노가 군부의 총칼 앞에 무참히 짓밟혔던 것입니다,T4,[],False,현재
8_9,8,2003,노무현,노무현,진보,9,그러나 지금 5·18 광주는 '승리의 역사'로 부활되어 있습니다,T7,"[""T5""]",False,현재
8_10,8,2003,노무현,노무현,진보,10,"5·18 광주에서 시작된 민주화의 뜨거운 열기는 87년 6월 항쟁으로 이어져 마침내 평화적 정권교체를 이룩하는 토대가 되었고, 마침내 오늘의 참여정부를 탄생시켰습니다",T7,"[""T6""]",False,과거
8_11,8,2003,노무현,노무현,진보,11,참여정부는 바로 5·18 광주의 숭고한 희생이 만들어낸 정부입니다,T7,"[""T6""]",False,현재
8_12,8,2003,노무현,노무현,진보,12,"존경하는 국민 여러분, 참여정부는 5·18 광주의 위대한 정신을 계승할 것입니다",T6,[],True,미래
8_21,8,2003,노무현,노무현,진보,21,내부 분열로 시간과 국력을 낭비해서는 희망이 없습니다,T3,[],False,현재
8_22,8,2003,노무현,노무현,진보,22,"대립과 투쟁에서 대화와 협력으로, 집중과 통제에서 분권과 자율로, 소외와 차별에서 참여와 공존으로 나아가야 합니다",T3,[],False,미래
8_24,8,2003,노무현,노무현,진보,24,국민통합은 참여정부가 반드시 이루어내야 할 역사적 소명입니다,T3,[],True,현재
8_27,8,2003,노무현,노무현,진보,27,이 곳 5·18 국립묘지에 잠들어 계신 애국영령들이 우리를 지켜주시고 인도해 주실 것입니다,T6,[],False,미래
9_3,9,2004,노무현,노무현,진보,3,그 날의 상처로 오늘 이 순간까지 슬픔과 고통을 겪고 계신 유가족과 부상자 여러분께 충심으로 위로의 말씀을 드립니다,T5,[],False,현재
9_4,9,2004,노무현,노무현,진보,4,광주의 용기와 희생은 결코 헛되지 않았습니다,T6,[],False,과거
9_5,9,2004,노무현,노무현,진보,5,"5·18광주에서 시작된 민주화의 불꽃은 1987년 6월항쟁을 거쳐 평화적 정권교체를 이뤄내고, 마침내 시민참여혁명을 통해서 참여민주주의 시대를 열어 가고 있습니다",T7,"[""T6""]",False,현재
9_6,9,2004,노무현,노무현,진보,6,1980년 광주의 함성은 가슴 아픈 기억인 동시에 가슴 벅찬 승리의 노래가 되었습니다,T6,"[""T7""]",False,과거
9_7,9,2004,노무현,노무현,진보,7,그 때의 광주를 생각하면 지금도 우리의 가슴은 뜨거워집니다,T6,[],False,현재
9_8,9,2004,노무현,노무현,진보,8,불의한 권력의 무자비한 폭력에 맞서 분연히 떨쳐 일어섰던 위대한 광주시민과 전남도민 여러분께 한없는 감사와 존경의 말씀을 올립니다,T6,[],False,현재
9_9,9,2004,노무현,노무현,진보,9,"존경하는 광주시민과 전남도민 여러분, 이제 광주는 민주주의의 성지로서 숭고한 빛을 발하고 있습니다",T6,[],False,현재
9_10,9,2004,노무현,노무현,진보,10,"5·18당시, 여러분은 참으로 놀라운 용기와 절제력으로 분노와 두려움을 승화시켜 민주주의 시민상을 구현해냈습니다",T6,"[""T4""]",False,과거
9_11,9,2004,노무현,노무현,진보,11,"아니, 이를 뛰어넘어서 도덕적 시민의 모범을 보여 주셨습니다",T6,"[""T4""]",False,과거
9_12,9,2004,노무현,노무현,진보,12,너와 내가 따로 없이 다 함께 부상자를 치료하고 아픔과 어려움을 함께 나누었습니다,T3,"[""T6""]",False,과거
9_13,9,2004,노무현,노무현,진보,13,여러분 모두가 주인의식을 갖고 스스로 치안을 유지하고 질서를 지켜냈습니다,T6,"[""T4""]",False,과거
9_14,9,2004,노무현,노무현,진보,14,"진정한 민주주의가 무엇인지, 그 누가 어떤 사람이 민주주의를 외칠 자격이 있는지를 온 몸으로 보여주셨습니다",T4,"[""T6""]",False,과거
9_17,9,2004,노무현,노무현,진보,17,"이 일이 어떻게 가능했겠습니까, 그것은 바로 5·18광주가 있었기 때문입니다",T6,"[""T7""]",False,현재
9_18,9,2004,노무현,노무현,진보,18,불의를 용납하지 않되 민주적인 행동 또한 포기하지 않았던 5·18광주의 자랑스런 전통이 우리 국민의 가슴속에 살아 숨쉬고 있음을 확인할 수 있었습니다,T6,"[""T4""]",False,과거
9_19,9,2004,노무현,노무현,진보,19,"국민 여러분, 5·18은 독재에 대한 시민의 저항이기도 했지만, 한편으로는 과거 군사독재 정권들이 장기집권을 위해서 또는 장기집권의 결과로서 호남을 따돌리고, 국민을 지역으로 가르고 이간질해서 분열시켰던 반역적 범죄행위에 대한 저항이기도 했습니다",T4,"[""T7""]",False,과거
9_20,9,2004,노무현,노무현,진보,20,그리고 이것은 정당한 것이었습니다,T4,[],False,과거
9_23,9,2004,노무현,노무현,진보,23,이 점에서 아직까지도 5·18은 완성되지 않았습니다,T7,"[""T6""]",False,과거
9_24,9,2004,노무현,노무현,진보,24,저는 분열을 극복하는 일이야말로 우리에게 맡겨진 가장 중요한 과제라고 생각합니다,T3,[],False,현재
9_28,9,2004,노무현,노무현,진보,28,화합과 상생의 시대를 열어야 합니다,T3,[],False,미래
9_29,9,2004,노무현,노무현,진보,29,"서로를 존중하며, 대화와 타협의 문화를 만들어 나가야 합니다",T3,[],False,미래
9_30,9,2004,노무현,노무현,진보,30,규칙을 존중하고 결과에 승복하는 민주주의 문화를 정착시켜 나가야 합니다,T3,"[""T4""]",False,미래
9_31,9,2004,노무현,노무현,진보,31,"그리하여 온 국민이 하나가 될 때 5, 18광주정신은 완성이 될 것입니다",T6,"[""T3""]",False,미래
9_32,9,2004,노무현,노무현,진보,32,그러자면 억압하고 배제하고 일방통행하던 권위주의 시대의 낡은 생각과 습관을 버려야 합니다,T7,"[""T3""]",False,미래
9_33,9,2004,노무현,노무현,진보,33,그 시절의 기득권도 향수도 이제는 버려야 합니다,T7,[],False,미래
9_34,9,2004,노무현,노무현,진보,34,"고통과 분노, 증오와 원한도 이제 뛰어넘어야 합니다",T5,"[""T3""]",False,미래
9_35,9,2004,노무현,노무현,진보,35,용서하고 화해해서 하나가 됩시다,T2,"[""T3""]",False,현재
9_36,9,2004,노무현,노무현,진보,36,이를 위해 진심으로 사과하고 용서를 구하고 고통과 상처가 영광이 될 수 있도록 온 국민이 마음을 하나로 모아야 할 것입니다,T1,"[""T2"", ""T5""]",False,미래
9_37,9,2004,노무현,노무현,진보,37,"존경하는 국민 여러분, 가슴을 열고 지금부터 새롭게 출발합시다",T3,[],False,미래
9_38,9,2004,노무현,노무현,진보,38,"5·18을 통해 광주는 '두려움을 무릅쓰고 진실을 말하는 용기', '소신을 행동으로 실천하는 용기'를 보여주었습니다",T6,"[""T4""]",False,과거
9_39,9,2004,노무현,노무현,진보,39,"이제 말이 아니라 실천으로, 명실상부한 통합의 길로 나아갑시다",T3,"[""T6""]",False,미래
9_40,9,2004,노무현,노무현,진보,40,그 통합된 힘으로 우리 사회의 잘못된 관행과 제도를 하나하나 고쳐 나갑시다,T3,[],True,미래
9_43,9,2004,노무현,노무현,진보,43,"이것이 5·18이 지금 우리에게 던지는 숙제이자, 5·18의 숭고한 뜻을 완성하는 길이라고 생각합니다",T6,"[""T7""]",False,현재
9_44,9,2004,노무현,노무현,진보,44,5·18 영령들이 우리를 지켜줄 것입니다,T6,[],False,미래
10_5,10,2005,노무현,노무현,진보,5,"광주시민과 전남도민 여러분, 5·18은 승리의 역사입니다",T7,[],False,현재
10_7,10,2005,노무현,노무현,진보,7,광주의 용기와 희생은 민주화의 불꽃이 되어 87년 6월항쟁으로 타올랐고 마침내 군부독재를 무너뜨렸습니다,T7,"[""T6""]",False,과거
10_9,10,2005,노무현,노무현,진보,9,광주시민 여러분은 목숨이 오가는 극한 상황에서도 절제력을 잃지 않았습니다,T6,"[""T7""]",False,과거
10_10,10,2005,노무현,노무현,진보,10,모두가 한마음으로 부상자를 치료하고 어려움을 나누었습니다,T6,[],False,과거
10_11,10,2005,노무현,노무현,진보,11,"약탈도, 방화도, 보복도 없는 그야말로 민주질서를 유지했습니다",T6,"[""T4""]",False,과거
10_12,10,2005,노무현,노무현,진보,12,평화적인 사태 해결을 위해 끝까지 대화하고자 노력했습니다,T6,"[""T3""]",False,과거
10_14,10,2005,노무현,노무현,진보,14,우리가 세계에 손색이 없는 당당한 민주주의를 하게 된 토대에 바로 광주가 있었음을 우리 국민은 영원히 기억할 것입니다,T6,"[""T7""]",False,미래
10_19,10,2005,노무현,노무현,진보,19,반대를 용납하지 않고 폭력과 공작으로 경쟁을 무력화시켰던 독재의 역사는 결코 되풀이되지 않을 것입니다,T7,[],False,미래
10_20,10,2005,노무현,노무현,진보,20,"이제 상대를 존중하면서 대화와 타협으로 문제를 풀어나가고 규칙에 따라 정정당당하게 경쟁하고, 결과에는 반드시 승복하는 성숙한 민주주의 문화를 만들어가야 합니다",T3,"[""T7""]",False,미래
10_23,10,2005,노무현,노무현,진보,23,"존경하는 국민 여러분, 5·18의 숭고한 뜻을 오늘에 되살려 냅시다",T6,[],True,미래
10_24,10,2005,노무현,노무현,진보,24,성숙한 민주주의를 꽃피우고 선진한국을 향해 힘차게 나아갑시다,T6,[],True,미래
10_25,10,2005,노무현,노무현,진보,25,그래서 우리 아이들에게 떳떳하고 자랑스런 역사를 물려줍시다,T6,[],False,미래
11_5,11,2006,노무현,노무현,진보,5,"존경하는 국민 여러분, 5·18은 우리 민주주의 역사에 찬란하게 빛나는 기념비입니다",T7,,False,현재
11_6,11,2006,노무현,노무현,진보,6,세계 역사에 길이 기억될 진보의 역사입니다,T7,[],False,현재
11_7,11,2006,노무현,노무현,진보,7,"80년 5월, 광주에서 타올랐던 민주화의 불꽃은 87년 6월항쟁으로 이어졌고, 다시는 되돌아가지 않을 민주주의의 뿌리를 튼튼하게 내리게 해주셨습니다",T7,"[""T6""]",False,과거
11_9,11,2006,노무현,노무현,진보,9,뿐만 아니라 5·18 광주는 도덕적 시민상과 공동체의 모범을 보여주었습니다,T6,"[""T7""]",False,과거
11_10,11,2006,노무현,노무현,진보,10,생명이 위협 받는 절박한 상황에서도 너나없이 주먹밥을 나누었고 부상자를 앞장서서 치료했습니다,T6,[],False,과거
11_11,11,2006,노무현,노무현,진보,11,시민들의 자치로 완벽한 치안을 유지했습니다,T6,"[""T4""]",False,과거
11_12,11,2006,노무현,노무현,진보,12,세계에 유례가 없는 이 자랑스런 역사를 우리 국민은 영원히 잊지 않고 기념할 것입니다,T6,[],False,미래
11_24,11,2006,노무현,노무현,진보,24,"4·19가 5.16 군사쿠데타로 좌절되지 않았더라면, 그리고 우리가 그것을 용납하지 않았더라면 5·18의 비극도 없었을 것입니다",T7,[],False,미래
11_27,11,2006,노무현,노무현,진보,27,5·18정신을 올바르게 선양하고 역사 발전의 교훈으로 삼아나가야 합니다,T6,"[""T7""]",False,미래
11_31,11,2006,노무현,노무현,진보,31,아직도 권력자의 얼굴만 쳐다보는 그 시대의 낡은 사고가 남아있다면 단호히 버려야 합니다,T7,[],False,미래
11_33,11,2006,노무현,노무현,진보,33,우리의 생각과 행동이 아직도 반독재 투쟁의 시대에 머물러 있어서도 안 됩니다,T7,[],False,현재
11_37,11,2006,노무현,노무현,진보,37,남은 과제는 대화와 타협의 민주주의 가치를 생활 속에 뿌리내리는 일입니다,T3,"[""T7""]",False,현재
11_38,11,2006,노무현,노무현,진보,38,그러자면 상대를 존중하고 양보할 것은 양보해서 합의를 이뤄내는 관용의 문화를 만들어 나가야 합니다,T3,[],False,미래
11_40,11,2006,노무현,노무현,진보,40,"국민 여러분, 5·18 광주가 주는 또 하나의 교훈은 화해와 통합의 역사를 이루라는 것입니다",T3,"[""T6""]",False,현재
11_41,11,2006,노무현,노무현,진보,41,"5·18은 민주주의에 대한 열망의 분출이기도 했지만, 오랜 소외와 차별, 그리고 권력의 유지를 위해 국민을 분열시켰던 결과로서 발생한 것이기도 합니다",T7,"[""T4""]",False,현재
11_42,11,2006,노무현,노무현,진보,42,균형사회를 만들어야 합니다,T5,[],True,미래
11_43,11,2006,노무현,노무현,진보,43,"지역간, 계층간, 산업간, 근로자 상호간의 격차를 줄여서 균형 잡힌 사회를 만들어야 합니다",T5,[],True,미래
11_44,11,2006,노무현,노무현,진보,44,"국가균형발전과 양극화 해소, 그리고 동반성장이 절실한 이유가 여기에 있다고 하겠습니다",T5,[],True,미래
11_45,11,2006,노무현,노무현,진보,45,"이와 함께, 역사에 대한 올바른 정리, 그리고 진심어린 사과와 반성, 그 위에서 용서하고 화해함으로써 진정한 통합의 역사를 열어 나가야 할 것입니다",T3,"[""T1"", ""T2"", ""T4""]",False,미래
11_46,11,2006,노무현,노무현,진보,46,이것이 5·18정신을 오늘에 되살리고 불행한 역사를 되풀이하지 않는 길이 될 것입니다,T6,"[""T7""]",False,미래
11_47,11,2006,노무현,노무현,진보,47,진실로 함께 반성합시다,T1,"[""T3""]",False,미래
11_48,11,2006,노무현,노무현,진보,48,"그리고 우리 함께 힘을 모읍시다.원칙과 신뢰가 바로서는 사회, 모든 것이 투명하고 공정하게 돌아가는 사회, 권한이 골고루 분권화되고 자율과 책임으로 함께 꾸려가는 사회, 그리고 대화와 타협으로 모든 국민이 하나로 통합되는 사회를 위해 우리 함께 노력합시다",T3,"[""T5"", ""T6""]",True,미래
12_5,12,2007,노무현,노무현,진보,5,"국민 여러분, 5·18은 역사에 많은 의미를 남기고 있습니다",T6,"[""T7""]",False,현재
12_6,12,2007,노무현,노무현,진보,6,무엇보다도 정의는 반드시 승리한다는 진리를 확인해 주었습니다,T4,[],False,과거
12_7,12,2007,노무현,노무현,진보,7,"80년 광주에서 타오른 민주화의 불꽃은 꺼지지 않는 횃불이 되어 87년 6월항쟁으로 이어졌고, 마침내 군부독재를 물리쳤습니다",T7,"[""T6""]",False,과거
12_8,12,2007,노무현,노무현,진보,8,군부와 언론에 의해 폭도로 매도되어 무참히 짓밟혔던 5·18 광주는 민주주의의 성지로 부활했습니다,T5,"[""T4""]",False,과거
12_9,12,2007,노무현,노무현,진보,9,5·18 그 날의 광주는 목숨이 오가는 극한상황에서도 놀라운 용기와 절제력으로 민주주의 시민상을 보여 주었습니다,T6,[],False,과거
12_10,12,2007,노무현,노무현,진보,10,너와 내가 따로 없이 부상자를 치료하고 주먹밥을 나누었습니다,T6,[],False,과거
12_11,12,2007,노무현,노무현,진보,11,시민들의 자치로 완벽한 민주질서를 유지했습니다,T6,[],False,과거
12_12,12,2007,노무현,노무현,진보,12,그리고 마지막 순간까지 대화를 위한 노력을 멈추지 않았습니다,T6,[],False,과거
12_13,12,2007,노무현,노무현,진보,13,참으로 세계 시민항쟁의 역사에 유례가 없는 민주시민의 모범을 보여주었습니다,T6,"[""T7""]",False,과거
12_15,12,2007,노무현,노무현,진보,15,불의한 권력이 국민의 자유와 인권을 짓밟는 역사가 되풀이되지 않을 것입니다,T7,"[""T4""]",False,미래
12_16,12,2007,노무현,노무현,진보,16,역사의 큰 물줄기는 모든 사람들이 자유롭고 평등하며 평화로운 삶을 누리는 방향으로 흘러갈 것입니다,T7,[],False,미래
12_17,12,2007,노무현,노무현,진보,17,그리고 그 어느 누구도 이 도도한 진보의 흐름을 가로막거나 되돌리지 못할 것입니다,T7,[],False,미래
12_18,12,2007,노무현,노무현,진보,18,"4·19혁명, 10·16부마항쟁, 5·18민주화운동, 6월항쟁의 역사가 우리들의 가슴 속에, 우리들의 피 속에 살아 있기 때문입니다",T6,"[""T7""]",False,현재
12_26,12,2007,노무현,노무현,진보,26,민주세력은 새로운 역사를 쓰고 있습니다,T7,[],False,현재
12_28,12,2007,노무현,노무현,진보,28,독재 정권을 퇴장시키고 민주주의 시대를 활짝 열어가고 있습니다,T7,[],False,현재
12_30,12,2007,노무현,노무현,진보,30,"그리고 독재체제에서 구축된 특권과 반칙, 권위주의 문화를 청산해 가고 있습니다",T4,"[""T7""]",False,현재
12_31,12,2007,노무현,노무현,진보,31,정경유착과 권력형 부패의 고리를 끊어내고 있습니다,T4,[],False,현재
12_32,12,2007,노무현,노무현,진보,32,"권력기관은 제자리로 돌려 보내고, 권력과 언론의 관계도 다시 정리하고 있습니다",T4,[],False,현재
12_33,12,2007,노무현,노무현,진보,33,더 이상 유착은 없을 것입니다,T4,[],False,미래
12_34,12,2007,노무현,노무현,진보,34,과거사 정리로 역사의 대의를 바로 잡아가고 있습니다,T4,"[""T7""]",True,현재
12_35,12,2007,노무현,노무현,진보,35,투명하고 공정한 사회로 가고 있습니다,T4,[],False,현재
12_37,12,2007,노무현,노무현,진보,37,진정한 국민주권시대를 열어가고 있습니다,T7,[],False,현재
12_39,12,2007,노무현,노무현,진보,39,그러나 군사정권의 업적은 부당하게 남의 기회를 박탈하여 이룬 것입니다,T4,[],False,현재
12_69,12,2007,노무현,노무현,진보,69,우리 스스로를 깎아내리지 맙시다,T6,[],False,현재
12_72,12,2007,노무현,노무현,진보,72,"정당하게 평가받아야 될 역사적 가치가, 정당하게 평가받아야 할 역사적 세력이 그렇게 훼손되어서는 안 된다는 것입니다",T7,"[""T4""]",False,미래
12_73,12,2007,노무현,노무현,진보,73,"다시 한 번 민주주의를 위해 헌신해 오신 분들께, 그리고 희생하신 분들께 깊은 감사와 존경의 말씀을 드립니다",T6,[],False,현재
12_77,12,2007,노무현,노무현,진보,77,5년 전 이 곳 광주시민들은 참으로 훌륭한 결단을 해 주셨습니다,T6,"[""T3""]",False,과거
12_78,12,2007,노무현,노무현,진보,78,영남 사람인 저를 대통령이 될 수 있도록 만들어 주셨습니다,T3,"[""T6""]",False,과거
12_99,12,2007,노무현,노무현,진보,99,"국민 여러분, 문제가 있고 어려움이 있어도 역사는 앞으로 진전할 것입니다",T7,[],False,미래
12_100,12,2007,노무현,노무현,진보,100,"역사를 멀리 내다보고, 가치를 소중히 여기고, 바른 역사, 정의로운 역사를 위해 헌신하고 희생하는 사람이 있기 때문입니다",T7,"[""T4"", ""T6""]",False,현재
12_101,12,2007,노무현,노무현,진보,101,우리 모두 5·18의 숭고한 정신을 다시 한번 새깁시다,T6,[],False,현재
12_102,12,2007,노무현,노무현,진보,102,마음과 힘을 모아 성숙한 민주주의를 꽃피우고 선진한국의 밝은 미래를 함께 열어나갑시다,T6,"[""T5""]",False,미래
12_103,12,2007,노무현,노무현,진보,103,이곳에 계신 5·18 영령께서 우리를 이끌어주실 것입니다,T6,[],False,미래
13_6,13,2008,이명박,이명박,보수,6,역사의 고비마다 정의와 진실을 위해 앞장서 온 광주시민과 전남도민 여러분을 저는 매우 자랑스럽게 생각을 합니다,T6,"[""T4""]",False,현재
13_7,13,2008,이명박,이명박,보수,7,"5·18 민주화운동은 크나큰 아픔으로 남았지만, 우리가 지금과 같은 민주화사회를 이루는 데 큰 초석이 되었습니다",T6,"[""T5""]",False,과거
13_9,13,2008,이명박,이명박,보수,9,"5·18 민주화운동을 과거의 사건으로 묻어두지 않고, 더 나은 내일을 위한 동력으로 승화시켜, 위대한 민주주의의 진전을 이루어 냈습니다",T6,"[""T7""]",False,과거
13_11,13,2008,이명박,이명박,보수,11,"이제 5·18 정신은 그 자체로 이미 귀중한 자산이지만, 우리는 그것을 국가발전의 에너지로 승화시켜야 합니다",T6,"[""T7""]",False,미래
13_12,13,2008,이명박,이명박,보수,12,민주화로 활짝 피어난 5·18 을 선진일류국가를 건설하는 정신적 지주로 발전시켜 나가야합니다,T6,"[""T7""]",False,미래
13_13,13,2008,이명박,이명박,보수,13,역사는 지금 우리에게 산업화ㆍ민주화를 거쳐 선진화를 이뤄내라고 요구하고 있습니다,T7,[],False,현재
13_17,13,2008,이명박,이명박,보수,17,갈등과 대립에서 벗어나 통합과 상생의 길로 나서야 합니다,T3,[],False,미래
13_37,13,2008,이명박,이명박,보수,37,여러분도 5·18 민주화운동의 정신을 국민 통합의 에너지로 승화시키는 일에 동참해 주실 것을 간곡히 당부 드립니다,T6,"[""T3""]",False,현재
13_38,13,2008,이명박,이명박,보수,38,우리 모두 하나 되는 대동의 광장에서 미래를 향해 힘을 모아 나아갑시다,T3,"[""T6""]",False,미래
14_1,14,2009,이명박,총리(한승수),보수,1,"존경하는 국민 여러분, 광주시민과 전남도민 여러분, 오늘 우리나라 민주화의 성지 광주에서 5·18 민주화 운동 29주년을 맞아 민주주의를 위해 희생하신 5·18 민주 영령들께 온 국민과 더불어 깊이 머리 숙여 명복을 빕니다",T6,[],False,현재
14_2,14,2009,이명박,총리(한승수),보수,2,지금까지도 그날의 아픈 상처로 고통을 겪고 계시는 5·18 유공자와 유가족 여러분에게도 진심으로 위로의 말씀을 드립니다,T5,[],False,현재
14_3,14,2009,이명박,총리(한승수),보수,3,아울러 그동안 우리나라의 민주화에 앞장서 온 광주 시민과 전남 도민을 비롯한 여러분의 애국심에 존경과 감사를 드립니다,T6,[],False,현재
14_6,14,2009,이명박,총리(한승수),보수,6,우리들은 이 값진 자산을 국가 발전의 더 큰 동력으로 승화시켜 나가야 하겠습니다,T6,[],False,미래
14_10,14,2009,이명박,총리(한승수),보수,10,대립과 갈등이 아니라 화해와 협력으로 다시 한 번 힘차게 일어나야 합니다,T3,[],False,미래
14_11,14,2009,이명박,총리(한승수),보수,11,"낡은 이념이나 계층 간, 지역 간 갈등을 과감히 극복하고 화합과 상생의 길로 나가야 합니다",T3,[],False,미래
14_18,14,2009,이명박,총리(한승수),보수,18,우리가 지금의 위기를 넘어 새롭게 도약할 수 있도록 국민 여러분께서 특히 5·18 정신을 이어받은 광주와 전남 지역 여러분의 적극적인 참여와 협력을 간곡히 당부드리는 바입니다,T6,[],False,미래
14_19,14,2009,이명박,총리(한승수),보수,19,그것이 바로 5·18 영령들의 넋을 위로하고 그분들의 숭고한 정신에 보답하는 길일 것입니다,T6,[],False,미래
14_22,14,2009,이명박,총리(한승수),보수,22,그때의 정신과 교훈을 되살린다면 우리는 어떠한 어려움도 이겨내고 다시 일어날 수 있으리라고 믿습니다,T6,[],False,현재
15_1,15,2010,이명박,총리(정운찬)_대독,보수,1,"존경하는 국민 여러분, 광주시민과 전남 도민 여러분, 그리고 이 자리에 참석하신 내빈 여러분, 30년 전 이곳 빛고을 광주에서는 조국의 민주화를 향한 염원이 횃불처럼 힘차게 타올랐습니다",T6,[],False,과거
15_2,15,2010,이명박,총리(정운찬)_대독,보수,2,"그날 민주 인권, 평화를 지키기 위해 꽃다운 목숨을 바친 민주 영령들의 넋을 기리며 높은 자긍심으로 고난의 세월을 이겨 오신 5·18 민주화 운동 유공자와 부상자, 유가족 여러분께 깊은 위로의 말씀을 드립니다",T6,"[""T5""]",False,현재
15_4,15,2010,이명박,총리(정운찬)_대독,보수,4,한국 민주주의의 연약한 싹은 5·18 민주화 운동의 정신을 밑거름 삼아 우렁찬 거목으로 자라났습니다,T6,"[""T7""]",False,과거
15_5,15,2010,이명박,총리(정운찬)_대독,보수,5,민주주의를 갈망했던 우리 국민들은 시련에 찬 민주화의 고비마다 5·18 민주화 운동으로부터 꺼지지 않는 빛을 발견해 왔습니다,T6,[],False,과거
15_10,15,2010,이명박,총리(정운찬)_대독,보수,10,5·18 민주화 운동을 통해 우리 대한민국은 2차 대전 후 전 세계에서도 드물게 산업화와 민주화를 동시에 성취한 나라가 되었습니다,T7,[],False,과거
15_12,15,2010,이명박,총리(정운찬)_대독,보수,12,"사랑하는 국민 여러분, 올해로 30년을 맞은 5·18 민주화 운동의 정신은 이제 세월이 흐르면 흐를수록 더욱 젊어지는 큰 강물이 되어 한국 민주주의의 새 물결로 거듭나야 하겠습니다",T6,[],False,미래
15_14,15,2010,이명박,총리(정운찬)_대독,보수,14,5·18 민주화 운동의 정신은 오늘날 우리에게 화해와 환영에 기초한 성숙한 민주주의의 실현을 요구하고 있습니다,T3,"[""T6""]",False,현재
15_22,15,2010,이명박,총리(정운찬)_대독,보수,22,"저는 이것이 5·18 민주화 운동의 정신을 계승 발전시키는 길이자, 잘 사는 국민, 따뜻한 사회, 강한 나라를 만들기 위한 선진 인류 국가의 초석이라고 생각합니다",T6,[],True,현재
15_23,15,2010,이명박,총리(정운찬)_대독,보수,23,"사랑하는 국민 여러분 저는 오늘 국민 여러분과 함께 더 큰 대한민국, 성숙한 세계 국가를 향해 나아가기 위해 5·18 민주화 운동의 빛나는 정신을 되새기고자 합니다",T6,[],False,현재
15_29,15,2010,이명박,총리(정운찬)_대독,보수,29,실록이 우거져 오는 5월에 이 땅에 화해와 관용이 넘치는 민주주의를 활짝 꽃 피우고 온 국민이 다 함께 잘 사는 선진 인류 국가를 향해 힘차게 나아갑시다,T3,"[""T6""]",False,미래
16_2,16,2011,이명박,총리(김황식),보수,2,"오늘 우리는 한국 민주주의의 큰 분수령인 광주의 5월을 기억하고, 그 높은 뜻을 함께 나누기 위해 이곳 5·18민주묘역에 모였습니다",T6,[],False,과거
16_3,16,2011,이명박,총리(김황식),보수,3,"민주 영령들의 넋을 기리며, 유가족과 부상자 여러분께도 깊은 위로의 말씀을 드립니다",T6,"[""T5""]",False,현재
16_4,16,2011,이명박,총리(김황식),보수,4,5·18정신의 계승과 발전에 힘쓰고 있는 광주시민과 전남도민 여러분께도 거듭 감사의 말씀을 드립니다,T6,[],False,현재
16_16,16,2011,이명박,총리(김황식),보수,16,이제 우리는 민주 영령들이 성취한 민주주의를 바탕으로 사회통합을 굳건히 하는 ‘더 깊은 민주화’를 향해 나아가야 합니다,T3,"[""T6""]",True,미래
16_18,16,2011,이명박,총리(김황식),보수,18,"지금은 우리 모두가 힘을 합치고, 5·18민주화운동의 정신을 계승 발전시켜 선진일류국가로 도약해야 할 때입니다",T6,[],True,미래
18_3,18,2013,박근혜,박근혜,보수,3,가족을 잃고 벗을 떠나보낸 그 아픈 심정은 어떤 말로도 온전하게 치유받을 수 없을 것입니다,T5,[],False,미래
18_4,18,2013,박근혜,박근혜,보수,4,저 역시 매번 5·18 국립묘지를 방문할 때마다 가족들과 광주의 아픔을 느낍니다,T6,[],False,현재
18_5,18,2013,박근혜,박근혜,보수,5,영령들께서 남기신 뜻을 받들어 보다 더 성숙한 민주주의를 만드는 것이 그 희생과 아픔에 보답하는 길이라고 믿습니다,T6,[],False,현재
18_6,18,2013,박근혜,박근혜,보수,6,"앞으로 5·18 민주화운동의 의미를 되새기면서, 우리나라를 더욱 자랑스러운 국가로 만들어 가겠습니다",T6,[],False,미래
18_13,18,2013,박근혜,박근혜,보수,13,"그런 새로운 미래를 열기 위해서는 지역을 넘어, 아픔을 넘어, 대한민국의 역동적인 발전을 위해 다 같이 힘을 모아야 합니다",T3,[],False,미래
18_14,18,2013,박근혜,박근혜,보수,14,저는 이제 5·18 정신이 국민통합과 국민행복으로 승화되어야 한다고 생각합니다,T6,"[""T3""]",False,현재
18_18,18,2013,박근혜,박근혜,보수,18,그 길에 민주화를 위해 고귀한 희생과 아픔을 겪으신 여러분께서 선도적인 역할을 해주실 것을 부탁드립니다,T3,[],False,현재
19_4,19,2014,박근혜,총리(정홍원),보수,4,34년 전 이곳 빛고을 광주에서 일어난 민주화운동은 우리나라 민주주의 발전에 큰 획을 그었습니다,T7,[],False,과거
19_5,19,2014,박근혜,총리(정홍원),보수,5,"우리의 민주화가 위기에 처했을 때, 광주시민 여러분이 높이 든 정의의 깃발은 민주화의 도도한 물길을 열었습니다. 5·18민주화운동은 오늘날 우리가 누리고 있는 민주주의의 원동력이 되었습니다",T7,"[""T6""]",False,과거
19_6,19,2014,박근혜,총리(정홍원),보수,6,"이제 5·18민주화운동의 함성이 울린 지 한 세대가 지나고 었습니다만, 우리는 그때의 정신과 열정을 되새겨야 합니다",T6,[],False,과거
19_7,19,2014,박근혜,총리(정홍원),보수,7,우리의 민주주의와 국가의 품격을 더윽 성숙시키는 것이 5·18민주영링의 고귀한 희생에 보담하는 길이라고 생각하기 때문입니다,T6,"[""T7""]",False,현재
20_6,20,2015,박근혜,부총리(최경환),보수,6,이처럼 민주․정의․인권의 5·18 정신은 대한민국의 미래를 밝히는 등불이 되어 우리 모두의 가슴속에 영원히 살아있을 것입니다,T6,[],False,미래
20_7,20,2015,박근혜,부총리(최경환),보수,7,"국민 여러분, 우리는 이제 5·18 정신을 받들어 진정한 선진사회로 한 단계 더 도약해야 합니다",T6,[],False,미래
20_12,20,2015,박근혜,부총리(최경환),보수,12,"지역과 계층, 세대와 이념의 벽을 넘어 화해와 통합의 시대를 열기 위해 더욱 노력하겠습니다",T3,[],False,미래
20_16,20,2015,박근혜,부총리(최경환),보수,16,"이러한 노력이야말로 5·18민주영령들의 숭고한 희생에 보답하며, 그 뜻을 받드는 길이라고 생각합니다",T6,[],False,현재
20_21,20,2015,박근혜,부총리(최경환),보수,21,5·18을 통해 민주화의 전기를 만들어 온 것처럼 평화통일의 새 역사를 이루는 데도 광주시민과 전남도민 여러분이 앞장서 주시기 바랍니다,T6,[],False,현재
21_3,21,2016,박근혜,총리(황교안),보수,3,우리는 고귀한 5·18 정신을 밑거름으로 삼아 사회 각 부문에 민주주의를 꽃 피우며 자유롭고 정의로운 나라를 건설하는 데 힘써왔습니다,T6,"[""T4""]",False,과거
21_4,21,2016,박근혜,총리(황교안),보수,4,"그 결과, 우리는 산업화와 함께 민주화의 기적을 이룩한 나라로 평가받고 있습니다",T7,[],False,현재
21_6,21,2016,박근혜,총리(황교안),보수,6,우리가 지향하는 성숙한 선진사회는 사회적 약자들을 보호하고 소외계층을 포용하는 따뜻한 공동체입니다,T5,[],False,현재
21_7,21,2016,박근혜,총리(황교안),보수,7,어려운 이웃들이 차별받거나 소외되지 아니하며 용기와 희망을 가질 수 있어야 합니다,T5,[],False,미래
21_13,21,2016,박근혜,총리(황교안),보수,13,"사회 각계각층이 갈등과 대립이 아니라 소통과 공유, 화해와 협력을 통해 우리 모두의 희망찬 미래를 함께 열어가야 합니다",T3,[],False,미래
21_14,21,2016,박근혜,총리(황교안),보수,14,민주화를 위해 하나가 되었던 5·18의 정신을 대화합의 에너지로 승화시켜 더욱 자랑스러운 대한민국을 이루어 나갑시다,T6,"[""T3""]",False,미래
22_3,22,2017,문재인,문재인,진보,3,37년 전 그날의 광주는 우리 현대사에서 가장 슬프고 아픈 장면입니다,T6,[],False,현재
22_4,22,2017,문재인,문재인,진보,4,저는 먼저 1980년 5월의 광주시민 여러분을 떠올립니다,T6,[],False,현재
22_7,22,2017,문재인,문재인,진보,7,그들은 인권과 자유를 억압받지 않는 평범한 일상을 지키기 위해 목숨을 걸었습니다,T6,"[""T7""]",False,과거
22_9,22,2017,문재인,문재인,진보,9,5월 광주가 남긴 아픔과 상처를 간직한 채 오늘을 살고 계시는 유가족과 부상자여러분께도 깊은 위로 말씀을 전합니다,T5,[],False,현재
22_10,22,2017,문재인,문재인,진보,10,1980년 5월 광주는 지금도 살아 있는 현실입니다,T7,[],False,현재
22_11,22,2017,문재인,문재인,진보,11,아직도 해결되지 않은 역사입니다,T7,"[""T4""]",False,현재
22_13,22,2017,문재인,문재인,진보,13,광주의 희생이있었기에 우리 민주주의는 버티고 다시 일어설 수 있었습니다,T6,"[""T7""]",False,과거
22_16,22,2017,문재인,문재인,진보,16,5·18민주화운동은 불의한 국가권력이 국민의 생명과 인권을 유린한 우리 현대사의 비극이었습니다,T7,"[""T4""]",False,과거
22_18,22,2017,문재인,문재인,진보,18,"진실은 오랜 시간 은폐되고, 왜곡되고, 탄압받았습니다",T7,"[""T4""]",False,과거
22_19,22,2017,문재인,문재인,진보,19,그러나 서슬퍼런 독재의 어둠 속에서도 국민은 광주의 불빛을 따라 한 걸음씩 나아갔습니다,T6,"[""T7""]",False,과거
22_20,22,2017,문재인,문재인,진보,20,광주의 진실을 알리는 일이 민주화운동이 되었습니다,T6,"[""T7""]",False,과거
22_23,22,2017,문재인,문재인,진보,23,"광주의 진실은 저에게 외면할 수 없는 분노였고, 아픔을 함께 나누지 못했다는 크나큰 부채감이었습니다",T6,"[""T1""]",False,과거
22_26,22,2017,문재인,문재인,진보,26,마침내 5월 광주는 지난겨울 전국을 밝힌 위대한 촛불혁명으로 부활했습니다,T6,"[""T7""]",False,과거
22_27,22,2017,문재인,문재인,진보,27,불의에 타협하지 않는 분노와 정의가 그곳에 있었습니다,T4,"[""T7""]",False,과거
22_29,22,2017,문재인,문재인,진보,29,나라를 나라답게 만들자는 치열한 열정과 하나 된 마음이 그곳에 있었습니다,T7,[],False,과거
22_31,22,2017,문재인,문재인,진보,31,새롭게 출범한 문재인정부는 5·18민주화운동의 연장선 위에 서 있습니다,T6,"[""T7""]",False,현재
22_32,22,2017,문재인,문재인,진보,32,"1987년6월 민주항쟁과 국민의정부, 참여정부의 맥을 잇고 있습니다",T7,"[""T6""]",False,현재
22_34,22,2017,문재인,문재인,진보,34,새 정부는 5·18민주화운동과 촛불혁명의 정신을 받들어 이 땅에 민주주의를 온전히 복원할 것입니다,T6,"[""T7""]",False,미래
22_35,22,2017,문재인,문재인,진보,35,광주 영령들이 마음 편히 쉬실 수 있도록 성숙한 민주주의의 꽃을 피워 낼 것입니다,T6,"[""T5""]",False,미래
22_36,22,2017,문재인,문재인,진보,36,여전히 우리 사회 일각에서는 5월 광주를 왜곡하고 폄훼하려는 시도가 있습니다,T7,"[""T4""]",False,현재
22_37,22,2017,문재인,문재인,진보,37,용납할 수 없는 일입니다,T4,[],False,현재
22_38,22,2017,문재인,문재인,진보,38,역사를 왜곡하고 민주주의를 부정하는 일입니다,T7,"[""T4""]",False,현재
22_40,22,2017,문재인,문재인,진보,40,새 정부는 5·18민주화운동의 진상을 규명하는 데 더욱 큰 노력을 기울일 것입니다,T4,"[""T6""]",True,미래
22_41,22,2017,문재인,문재인,진보,41,헬기 사격까지 포함하여 발포의 진상과 책임을 반드시 밝혀내겠습니다,T4,[],True,미래
22_42,22,2017,문재인,문재인,진보,42,5·18민주화운동 관련 자료의 폐기와 역사 왜곡을 막겠습니다,T4,"[""T6""]",True,미래
22_43,22,2017,문재인,문재인,진보,43,전남도청 복원 문제는 광주시와 협의하고 협력하겠습니다,T6,[],True,미래
22_44,22,2017,문재인,문재인,진보,44,완전한 진상 규명은 결코 진보와 보수의 문제가 아닙니다,T4,[],False,현재
22_45,22,2017,문재인,문재인,진보,45,상식과 정의의 문제입니다,T4,[],False,현재
22_47,22,2017,문재인,문재인,진보,47,5·18민주화운동 정신을 헌법 전문에 담겠다는 저의 공약도 반드시 지키겠습니다,T6,[],True,미래
22_48,22,2017,문재인,문재인,진보,48,광주정신을 헌법으로 계승하는 진정한 민주공화국 시대를 열겠습니다,T6,"[""T7""]",True,미래
22_49,22,2017,문재인,문재인,진보,49,5·18민주화운동은 온 국민이 기억하고 배우는 자랑스러운 역사로 자리매김할 것입니다,T6,"[""T7""]",False,미래
22_50,22,2017,문재인,문재인,진보,50,5·18정신을 헌법 전문에 담아 개헌을 완료할 수 있도록 이 자리를 빌려서 국회의 협력과 국민 여러분의 동의를 정중히 요청합니다,T6,[],True,미래
22_52,22,2017,문재인,문재인,진보,52,'임을 위한 행진곡'은 단순한 노래가 아닙니다,T6,[],False,현재
22_53,22,2017,문재인,문재인,진보,53,5월의 피와 혼이 응축된 상징입니다,T6,"[""T7""]",False,현재
22_54,22,2017,문재인,문재인,진보,54,5·18민주화운동의 정신 그 자체입니다,T6,"[""T7""]",False,현재
22_55,22,2017,문재인,문재인,진보,55,'임을 위한 행진곡'을 부르는것은 희생자의 명예를 지키고 민주주의의 역사를 기억하겠다는 것입니다,T6,"[""T5""]",False,현재
22_56,22,2017,문재인,문재인,진보,56,오늘 '임을 위한 행진곡' 제창은 그동안 상처받은 광주정신을 다시 살리는 일이 될것입니다,T5,"[""T6""]",False,현재
22_57,22,2017,문재인,문재인,진보,57,오늘의 제창으로 불필요한 논란이 끝나기를 희망합니다,T3,[],False,현재
22_61,22,2017,문재인,문재인,진보,61,"국민의 생명을 짓밟은 국가, 국민의 생명을 지키지 못한 국가를 통렬히 꾸짖는 외침이었습니다",T1,"[""T7""]",False,과거
22_62,22,2017,문재인,문재인,진보,62,다시는 그런 원통함이 반복되지 않도록 하겠습니다,T1,[],False,미래
22_63,22,2017,문재인,문재인,진보,63,국민의생명과 사람의 존엄함을 하늘처럼 존중하겠습니다,T5,[],False,미래
22_65,22,2017,문재인,문재인,진보,65,저는 오늘 5월의 죽음과 광주의 아픔을 자신의 것으로 삼으며 세상에 알리려했던 많은 이들의 희생과 헌신도 함께 기리고 싶습니다,T6,[],False,현재
22_66,22,2017,문재인,문재인,진보,66,"1982년 광주교도소에서 광주 진상 규명을 위해 40일간의 단식으로 옥사한 스물아홉 살 전남대생 박관현, 1987년 ‘광주사태 책임자 처벌’을 외치며 분신 사망한 스물다섯 살 노동자 표정두, 1988년 ‘광주학살 진상 규명’을 외치며 명동성당교육관 4층에서 투신 사망한 스물네 살 서울대생 조성만, 1988년 ‘광주는 살아있다’ 외치며 숭실대 학생회관 옥상에서 분신 사망한 스물다섯 살 숭실대생 박래전….수많은 젊음이 5월 영령의 넋을 위로하며 자신을 던졌습니다",T6,"[""T4""]",False,과거
22_67,22,2017,문재인,문재인,진보,67,책임자 처벌과진상 규명을 촉구하기 위해 목숨을 걸었습니다,T4,"[""T6""]",False,과거
22_68,22,2017,문재인,문재인,진보,68,국가가 책임을 방기하고 있을 때이들은 마땅히 밝히고 기억해야 할 것을 위해 자신을 바쳤습니다,T6,"[""T1""]",False,과거
22_69,22,2017,문재인,문재인,진보,69,진실을 밝히려던 많은 언론인과 지식인도 강제 해직되고 투옥 당했습니다,T6,"[""T4""]",False,과거
22_70,22,2017,문재인,문재인,진보,70,저는 5월의 영령들과 함께 이들의 희생과 헌신을 헛되이 하지 않고 더 이상 서러운 죽음과 고난이 없는 대한민국으로 나아가겠습니다,T6,"[""T5""]",False,미래
22_71,22,2017,문재인,문재인,진보,71,참이 거짓을 이기는 대한민국으로 나아가겠습니다,T4,[],False,미래
22_73,22,2017,문재인,문재인,진보,73,광주정신으로 희생하며 평생을 살아온 전국의 5·18들을 함께 기억해 주십시오,T6,[],False,현재
22_74,22,2017,문재인,문재인,진보,74,"이제 차별과 배제, 총칼의 상흔이 남긴 아픔을 딛고 광주가 먼저 정의로운 국민통합에 앞장서 주십시오",T3,"[""T5""]",False,현재
22_75,22,2017,문재인,문재인,진보,75,광주의 아픔이 아픔으로 머무르지 않고 국민 모두의 상처와 갈등을 품어 안을 때 광주가 내민 손은 가장 질기고 강한 희망이 될 것입니다,T3,"[""T5""]",False,미래
22_77,22,2017,문재인,문재인,진보,77,5월 광주의 시민이 나눈 주먹밥과 헌혈이야말로 우리 자존의 역사입니다,T7,[],False,현재
22_79,22,2017,문재인,문재인,진보,79,목숨이 오가는 극한 상황에서도 절제력을 잃지 않고 민주주의를 지켜 낸 광주정신은 그대로 촛불광장에서 부활했습니다,T7,"[""T6""]",False,과거
22_80,22,2017,문재인,문재인,진보,80,촛불은 5·18민주화운동의 정신 위에서 국민주권 시대를 열었습니다,T7,"[""T6""]",False,과거
22_81,22,2017,문재인,문재인,진보,81,국민이 대한민국의 주인임을 선언했습니다,T7,[],False,과거
22_82,22,2017,문재인,문재인,진보,82,문재인정부는 국민의 뜻을 받드는 정부가 될 것임을 광주 영령들 앞에서 천명합니다,T6,[],True,현재
22_83,22,2017,문재인,문재인,진보,83,서로가 서로를 위하고 서로의 아픔을 어루만져 주는 대한민국이 새로운 대한민국입니다,T3,"[""T5""]",False,현재
22_84,22,2017,문재인,문재인,진보,84,상식과 정의 앞에 손을 내미는 사람이 많아질수록 숭고한 5·18정신은 현실 속에서 살아 숨 쉬는 가치로 완성될 것입니다,T6,"[""T3""]",False,미래
23_4,23,2018,문재인,문재인,진보,4,"오늘 저는 광주 영령들을 숙연한 마음으로 추모하며, 민주주의의 가치를 지키기 위해 스스로를 돌보지 않았던 많은 시민의 눈물을 돌아봅니다",T6,[],False,현재
23_5,23,2018,문재인,문재인,진보,5,그날 오후 집으로 돌아오던 여고생이 군용차량에 강제로 태워졌습니다,T4,[],False,과거
23_6,23,2018,문재인,문재인,진보,6,새벽기도를 마치고 귀가하던 회사원이 총을 든 군인들에게 끌려갔습니다,T4,[],False,과거
23_7,23,2018,문재인,문재인,진보,7,평범한 광주의 딸과 누이들의 삶이 짓밟혔습니다,T4,[],False,과거
23_8,23,2018,문재인,문재인,진보,8,가족들의 삶까지 함께 무너졌습니다,T5,[],False,과거
23_9,23,2018,문재인,문재인,진보,9,"한 사람의 삶, 한 여성의 모든 것을 너무나 쉽게 유린한 지난날의 국가폭력이 참으로 부끄럽습니다",T1,"[""T4""]",False,현재
23_10,23,2018,문재인,문재인,진보,10,"오늘 우리가 더욱 부끄러운 것은 광주가 겪은 상처의 깊이를 38년이 지난 지금까지도 다 알지 못하고, 어루만져 주지도 못했다는 사실입니다",T1,"[""T5""]",False,현재
23_11,23,2018,문재인,문재인,진보,11,역사와 진실의 온전한 복원을 위해 더 절실히 결의해야 합니다,T4,"[""T6""]",False,미래
23_12,23,2018,문재인,문재인,진보,12,성폭행의 진상을 철저히 조사해 반드시 밝혀 내겠습니다,T4,[],True,미래
23_13,23,2018,문재인,문재인,진보,13,"국방부와 여성가족부, 국가인권위원회가 함께 공동조사단을 꾸릴 것입니다",T4,[],True,미래
23_14,23,2018,문재인,문재인,진보,14,피해자 한 분 한 분이 인간의 존엄을 회복할 수 있도록 최선을 다하겠습니다,T5,[],True,미래
23_15,23,2018,문재인,문재인,진보,15,오월 광주는 가장 절망적인 순간에 가장 인간다운 모습을 보여 주었습니다,T6,"[""T7""]",False,과거
23_16,23,2018,문재인,문재인,진보,16,광주는 고립된 가운데서도 어떤 약탈도 일어나지 않았습니다,T6,[],False,과거
23_17,23,2018,문재인,문재인,진보,17,주먹밥을 나누고 헌혈의 대열에 동참했습니다,T6,[],False,과거
23_18,23,2018,문재인,문재인,진보,18,총격을 무릅쓰고 부상자를 돌봤습니다,T6,[],False,과거
23_19,23,2018,문재인,문재인,진보,19,서로 돕고 용기를 북돋우며 가진 것을 나누는 일이 불의한 국가폭력에 대항해 이기는 방법이라는 사실을 역사에 남겨 주었습니다,T6,"[""T7""]",False,과거
23_20,23,2018,문재인,문재인,진보,20,오월 광주로 인해 평범했던 우리들은 정의를 잊지 않을 수 있었습니다,T6,"[""T4""]",False,과거
23_21,23,2018,문재인,문재인,진보,21,광주와 함께하고 있다는 믿음으로 용기를 가질 수 있었습니다,T6,[],False,과거
23_22,23,2018,문재인,문재인,진보,22,"촛불광장은 오월의 부활이었고, 그 힘으로 문재인정부가 탄생할 수 있었습니다",T7,"[""T6""]",False,과거
23_23,23,2018,문재인,문재인,진보,23,짓밟힌 여성들의 삶을 보듬는 것에서 진실의 역사를 다시 시작하겠습니다,T5,"[""T4""]",True,미래
23_24,23,2018,문재인,문재인,진보,24,민주주의의 가치만큼 소중한 한 사람의 삶을 치유하는 데 무심하지 않았는지 돌아보겠습니다,T5,"[""T1""]",False,미래
23_25,23,2018,문재인,문재인,진보,25,광주라는 이름으로 통칭되었던 한 사람 한 사람의 삶을 존중하는 것이 국가의 존재 이유임을 잊지 않겠습니다,T5,"[""T4""]",False,미래
23_26,23,2018,문재인,문재인,진보,26,함께 돌보고 서로 나누며 광주의 정신을 이뤘습니다,T6,[],False,과거
23_27,23,2018,문재인,문재인,진보,27,그 정신이 더 많은 민주주의로 확장해야 합니다,T6,"[""T7""]",False,미래
23_28,23,2018,문재인,문재인,진보,28,"한 사람이 온전히 누려야 할 삶의 권리, 인권과 평화, 존엄성이 일상적 가치가 될 수 있도록 국민께서 함께해 주시기 바랍니다",T6,"[""T5""]",False,미래
23_31,23,2018,문재인,문재인,진보,31,저도 마음을 다해 <임을 위한 행진곡>을 함께 불렀습니다,T6,[],False,과거
24_10,24,2018,문재인,총리(이낙연),진보,10,첫째는 진실규명입니다,T4,[],False,현재
24_11,24,2018,문재인,총리(이낙연),진보,11,요즘 들어 5·18의 숨겨졌던 진실들이 새로운 증거와 증언으로 잇따라 나오고 있습니다,T4,[],False,현재
24_12,24,2018,문재인,총리(이낙연),진보,12,불완전했던 진실규명이 이제 채워져 가고 있는 것입니다,T4,[],False,현재
24_13,24,2018,문재인,총리(이낙연),진보,13,"문재인 정부 들어 제정된 5·18특별법에 따라 진상규명위원회가 9월부터 가동되면 어떠한 제약도 받지 않고, 아무런 의혹도 남기지 않고, 진실을 완전히 밝혀줄 것이라고 저는 믿습니다",T4,[],True,현재
24_14,24,2018,문재인,총리(이낙연),진보,14,당시 국방부가 진실의 왜곡을 주도했다는 정황도 드러났습니다,T4,[],False,과거
24_15,24,2018,문재인,총리(이낙연),진보,15,"앞으로 사실이 규명되고, 책임도 가려질 것입니다",T4,[],False,미래
24_16,24,2018,문재인,총리(이낙연),진보,16,과거 정부의 범죄적 행태에 깊은 유감을 표합니다,T1,"[""T4""]",False,현재
24_17,24,2018,문재인,총리(이낙연),진보,17,사실이 확인되는 대로 정부의 정리된 입장을 밝히겠습니다,T4,[],True,미래
24_18,24,2018,문재인,총리(이낙연),진보,18,책임을 져야할 사람이 사실을 왜곡하고 광주의 명예를 훼손하기도 했습니다,T4,[],False,과거
24_19,24,2018,문재인,총리(이낙연),진보,19,진실의 심판을 피하지 못할 것입니다,T4,[],False,미래
24_20,24,2018,문재인,총리(이낙연),진보,20,둘째는 역사의 복원과 보전입니다,T6,"[""T5""]",False,현재
24_21,24,2018,문재인,총리(이낙연),진보,21,정부는 옛 전남도청이 5·18의 상징적 장소로 복원되고 보존되도록 광주시와 함께 최선을 다하겠습니다,T6,"[""T5""]",True,미래
24_22,24,2018,문재인,총리(이낙연),진보,22,유네스코 세계기록유산으로 등재된 역사자료를 더 보완하도록 광주시 및 유관단체들과 협력해 노력하겠습니다,T6,[],True,미래
24_23,24,2018,문재인,총리(이낙연),진보,23,"사랑하는 광주전남 시도민 여러분, 80년 5월, 광주는 광주다웠습니다",T7,"[""T6""]",False,과거
24_25,24,2018,문재인,총리(이낙연),진보,25,그러나 광주는 오히려 일어났습니다,T7,"[""T6""]",False,과거
24_27,24,2018,문재인,총리(이낙연),진보,27,그에 광주는 정면으로 맞섰습니다,T7,"[""T6""]",False,과거
24_29,24,2018,문재인,총리(이낙연),진보,29,그래도 광주는 그들에게 무릎 꿇지 않았습니다,T7,"[""T6""]",False,과거
24_30,24,2018,문재인,총리(이낙연),진보,30,그것이 광주입니다,T7,[],False,현재
24_34,24,2018,문재인,총리(이낙연),진보,34,그래도 광주는 물러서지 않았습니다,T7,"[""T6""]",False,과거
24_35,24,2018,문재인,총리(이낙연),진보,35,유혈의 현장에서 광주는 놀랍게도 질서를 유지했습니다,T7,"[""T6""]",False,과거
24_36,24,2018,문재인,총리(이낙연),진보,36,"배고픈 시위자에게 주먹밥을 나누었고, 피 흘린 시위자를 위해 헌혈했습니다",T7,"[""T6""]",False,과거
24_37,24,2018,문재인,총리(이낙연),진보,37,그것이 광주입니다,T7,[],False,현재
24_39,24,2018,문재인,총리(이낙연),진보,39,일제 강점기에는 광주학생들이 항일운동을 일으켜 3·1운동 이후 최대 규모의 전국적 시위를 선도했습니다,T7,"[""T6""]",False,과거
24_40,24,2018,문재인,총리(이낙연),진보,40,"해방 이후에도 광주사람들은 정의로운 항거에 늘 앞장섰고, 희생됐습니다",T7,"[""T6""]",False,과거
24_41,24,2018,문재인,총리(이낙연),진보,41,그것이 광주입니다,T7,[],False,현재
24_42,24,2018,문재인,총리(이낙연),진보,42,광주는 역사를 외면하지 않았습니다,T7,[],False,과거
24_43,24,2018,문재인,총리(이낙연),진보,43,역사를 우회하지 않았습니다,T7,[],False,과거
24_44,24,2018,문재인,총리(이낙연),진보,44,역사의 책임을 회피하지 않았습니다,T7,[],False,과거
24_45,24,2018,문재인,총리(이낙연),진보,45,광주는 언제나 역사와 마주했습니다,T7,[],False,과거
24_46,24,2018,문재인,총리(이낙연),진보,46,"옳은 일에는 기쁘게 앞장섰고, 옳지 않은 일에는 기꺼이 맞섰습니다",T7,[],False,과거
24_47,24,2018,문재인,총리(이낙연),진보,47,그것이 광주입니다,T7,[],False,현재
24_48,24,2018,문재인,총리(이낙연),진보,48,항상 광주는 새날을 기다렸습니다,T7,[],False,과거
24_49,24,2018,문재인,총리(이낙연),진보,49,"그날이 쉽게 올 것 같지 않아도, 광주는 기다리며 싸웠습니다",T7,[],False,과거
24_50,24,2018,문재인,총리(이낙연),진보,50,새날이 올 때까지 흔들리지 말자고 광주는 늘 맹세했습니다,T7,[],False,과거
24_51,24,2018,문재인,총리(이낙연),진보,51,"80년 5월, 광주는 신군부의 정권찬탈을 저지하고 싶었습니다",T6,"[""T4""]",False,과거
24_52,24,2018,문재인,총리(이낙연),진보,52,대통령을 내손으로 뽑고 싶었습니다,T6,[],False,과거
24_53,24,2018,문재인,총리(이낙연),진보,53,국민의 뜻에 따라 정권이 바뀌는 날을 앞당기고 싶었습니다,T6,[],False,과거
24_54,24,2018,문재인,총리(이낙연),진보,54,남과 북이 협력하며 평화롭게 사는 날을 보고 싶었습니다,T6,[],False,과거
24_55,24,2018,문재인,총리(이낙연),진보,55,그날은 쉽게 오지 않았습니다,T7,[],False,과거
24_56,24,2018,문재인,총리(이낙연),진보,56,"광주의 소망과 달리, 신군부는 정권을 장악했습니다",T7,"[""T6""]",False,과거
24_59,24,2018,문재인,총리(이낙연),진보,59,그때 탄생한 정부가 조국분단 이후 최초의 남북정상회담을 실현했습니다,T7,[],False,과거
24_60,24,2018,문재인,총리(이낙연),진보,60,두번째 남북정상회담이 열린 것은 5·18로부터 27년 후였습니다,T7,[],False,과거
24_61,24,2018,문재인,총리(이낙연),진보,61,그 후로도 역사는 직진하지 않았습니다,T7,[],False,과거
24_66,24,2018,문재인,총리(이낙연),진보,66,5·18정신은 촛불혁명으로 장엄하게 부활했습니다,T6,"[""T7""]",False,과거
24_68,24,2018,문재인,총리(이낙연),진보,68,"역사는 문재인 정부에게 국정을 바로세우고, 민주주의를 살리라고 명령했습니다",T7,"[""T4""]",False,과거
24_75,24,2018,문재인,총리(이낙연),진보,75,“그날은 절대로 쉽게 오지 않는다. 그날은 깨지고 박살나 온몸이 너덜너덜해진 다음에 온다.”고 읊으셨습니다,T7,[],False,과거
24_76,24,2018,문재인,총리(이낙연),진보,76,그러나 저는 믿습니다,T7,[],False,현재
24_77,24,2018,문재인,총리(이낙연),진보,77,그날은 반드시 온다는 것을 믿습니다,T7,[],False,현재
24_78,24,2018,문재인,총리(이낙연),진보,78,5·18 이후 38년의 역사가 그것을 증명합니다,T6,"[""T7""]",False,현재
24_79,24,2018,문재인,총리(이낙연),진보,79,"그날은 절대로 쉽게 오지 않지만, 그러나 그날은 반드시 온다는 것을 역사가 증명하고 있습니다",T7,"[""T6""]",False,현재
24_80,24,2018,문재인,총리(이낙연),진보,80,38년 전 전남도청에서 끝까지 항전하다 산화하신 윤상원 열사는 말씀하셨습니다,T6,[],False,과거
24_81,24,2018,문재인,총리(이낙연),진보,81,“오늘 우리는 패배할 것이다. 그러나 내일의 역사는 우리를 승리자로 만들 것이다.”라고 하셨습니다,T6,"[""T7""]",False,과거
24_82,24,2018,문재인,총리(이낙연),진보,82,영혼으로 결혼하시고 ‘임을 위한 행진곡’으로 부활하신 윤상원 열사의 말씀은 맞았습니다,T6,"[""T4""]",False,과거
24_83,24,2018,문재인,총리(이낙연),진보,83,결국 광주는 승리자가 됐습니다,T4,"[""T6""]",False,과거
24_84,24,2018,문재인,총리(이낙연),진보,84,앞으로도 광주는 승리할 것입니다,T7,"[""T4""]",False,미래
24_85,24,2018,문재인,총리(이낙연),진보,85,"역사에서 정의가 끝내 승리하듯이, 광주정신은 끝내 승리할 것입니다",T4,"[""T6"", ""T7""]",False,미래
24_87,24,2018,문재인,총리(이낙연),진보,87,광주의 희생이 헛되지 않게 하겠습니다,T6,"[""T5""]",False,미래
25_6,25,2019,문재인,문재인,진보,6,결코 잊을 수 없는 5월 민주영령들을 기리며 모진 세월을 살아오신 부상자와 유가족께 위로의 말씀을 드립니다,T5,"[""T6""]",False,현재
25_7,25,2019,문재인,문재인,진보,7,진정한 애국이 무엇인지 삶으로 증명하고 계신 광주시민과 전남도민께 각별한 존경의 마음을 전합니다,T6,[],False,현재
25_11,25,2019,문재인,문재인,진보,11,"광주시민께 너무나 미안하고, 부끄러웠고, 국민께 호소하고 싶었기 때문입니다",T1,[],False,현재
25_13,25,2019,문재인,문재인,진보,13,1980년 5월 광주가 피 흘리고 죽어갈 때 광주와 함께하지 못했던 것이 그 시대를 살았던 시민의 한 사람으로서 정말 미안합니다,T1,[],False,현재
25_14,25,2019,문재인,문재인,진보,14,그때 공권력이 광주에서 자행한 야만적인 폭력과 학살에 대하여 대통령으로서 국민을 대표하여 다시 한번 깊이 사과드립니다,T1,"[""T4""]",False,현재
25_15,25,2019,문재인,문재인,진보,15,아직도 5·18민주화운동을 부정하고 모욕하는 망언들이 거리낌 없이 큰 목소리로 외쳐지고 있는 현실이 국민의 한 사람으로서 너무나 부끄럽습니다,T1,"[""T4""]",False,현재
25_16,25,2019,문재인,문재인,진보,16,개인적으로는 헌법 전문에 5·18정신을 담겠다고 한 약속을 지금까지 지키지 못하고 있는 것이 송구스럽습니다,T1,[],True,현재
25_18,25,2019,문재인,문재인,진보,18,"1980년 5월, 우리는 광주를 보았습니다",T6,[],False,과거
25_19,25,2019,문재인,문재인,진보,19,"민주주의를 외치는 광주를 보았고, 철저히 고립된 광주를 보았고, 외롭게 죽어가는 광주를 보았습니다",T6,[],False,과거
25_20,25,2019,문재인,문재인,진보,20,전남도청을 사수하던 시민군의 마지막 비명소리와 함께 광주의5 월은 우리에게 깊은 부채의식을 남겼습니다,T6,[],False,과거
25_21,25,2019,문재인,문재인,진보,21,"5월의 광주와 함께하지 못했다는 것, 학살당하는 광주를 방치했다는 사실이 같은 시대를 살던 우리에게 지워지지 않는 아픔을 남겼습니다",T1,"[""T5""]",False,과거
25_22,25,2019,문재인,문재인,진보,22,그렇게 우리는 광주를 함께 겪었습니다,T6,[],False,과거
25_23,25,2019,문재인,문재인,진보,23,"그때 우리가 어디에 있었든, 5월의 광주를 일찍 알았든 늦게 알았든 상관없이 광주의 아픔을 함께 겪었습니다",T6,[],False,과거
25_24,25,2019,문재인,문재인,진보,24,"그 부채의식과 아픔이 1980년대 민주화운동의 뿌리가 됐고, 광주시민의 외침이 마침내 1987년 6월 민주항쟁으로 이어졌습니다",T7,"[""T6""]",False,과거
25_25,25,2019,문재인,문재인,진보,25,6월 민주항쟁은 5·18민주화운동의 전국적 확산이었습니다,T7,"[""T6""]",False,과거
25_26,25,2019,문재인,문재인,진보,26,대한민국 민주주의는 광주에 너무나 큰 빚을 졌습니다,T6,[],False,과거
25_27,25,2019,문재인,문재인,진보,27,"대한민국 국민으로서 같은 시대 같은 아픔을 겪었다면, 그리고 민주화의 열망을 함께 품고 살아왔다면 그 누구도 그 사실을 부정할 수 없을 것입니다",T6,[],False,과거
25_28,25,2019,문재인,문재인,진보,28,5·18민주화운동의 진실은 보수·진보로 나뉠 수가 없습니다,T3,"[""T4""]",False,현재
25_29,25,2019,문재인,문재인,진보,29,광주가 지키고자 했던 가치가 바로 자유이고 민주주의였기 때문입니다,T7,[],False,현재
25_30,25,2019,문재인,문재인,진보,30,독재자의 후예가 아니라면 5·18민주화운동을 다르게 볼 수가 없습니다,T7,"[""T4""]",False,현재
25_33,25,2019,문재인,문재인,진보,33,"대법원 역시 신군부의 12·12군사쿠데타부터 5·18민주화운동에 대한 진압과정을 군사반란과 내란죄로 판결했고, 광주 학살의 주범들을 사법적으로 단죄했습니다",T4,"[""T7""]",False,과거
25_35,25,2019,문재인,문재인,진보,35,이렇게 우리는 이미 20년도 더 전에 5·18민주화운동의 역사적 의미와 성격에 대해 국민적 합의를 이뤘고 법률적인 정리까지 마쳤습니다,T7,"[""T4""]",False,과거
25_36,25,2019,문재인,문재인,진보,36,이제 이 문제에 대한더 이상의 논란은 필요하지 않습니다,T3,[],False,현재
25_37,25,2019,문재인,문재인,진보,37,의미 없는 소모일 뿐입니다,T3,[],False,현재
25_38,25,2019,문재인,문재인,진보,38,우리가 해야할 일은 민주주의 발전에 기여한 5·18민주화운동에 감사하면서 우리의 민주주의를 더 좋은 민주주의로 발전시켜 나가는 것입니다,T6,"[""T7""]",False,현재
25_39,25,2019,문재인,문재인,진보,39,그럴 때만이 우리는 더 나은 대한민국을 향해 서로 경쟁하면서도 통합하는 사회로 나아갈 수 있을 것입니다,T3,[],False,미래
25_40,25,2019,문재인,문재인,진보,40,우리의 역사가 한 페이지씩 매듭을 지어가며 미래로 나아갈 수 있도록 국민여러분께서 마음을 모아 주시기 바랍니다,T3,"[""T7""]",False,미래
25_41,25,2019,문재인,문재인,진보,41,"하지만 학살의 책임자, 암매장과 성폭력 문제, 헬기 사격 등 밝혀내야 할 진실들이 여전히 많습니다",T4,[],True,현재
25_42,25,2019,문재인,문재인,진보,42,아직까지 규명되지 못한 진실을 밝혀내는 것이 지금 우리가 해야 할 일입니다,T4,[],True,현재
25_43,25,2019,문재인,문재인,진보,43,"광주가 짊어진 무거운 역사의 짐을 내려놓는 일이며, 비극의 5월을 희망의 5월로 바꿔내는 일입니다",T5,"[""T6""]",False,현재
25_44,25,2019,문재인,문재인,진보,44,당연히 정치권도 동참해야 할 일입니다,T4,[],True,현재
25_45,25,2019,문재인,문재인,진보,45,우리가 모두 함께 광주의 명예를 지키고 남겨진 진실을 밝혀내야 합니다,T4,"[""T5""]",True,미래
25_46,25,2019,문재인,문재인,진보,46,우리는 지금 새로운 대한민국으로 가고 있습니다,T7,[],False,현재
25_47,25,2019,문재인,문재인,진보,47,5·18민주화운동 이전 유신 시대와 5공 시대에 머무는 지체된 정치의식으로는 단 한 발자국도 새로운 시대로 갈 수 없습니다,T7,"[""T4""]",False,현재
25_48,25,2019,문재인,문재인,진보,48,우리는 5월이 지켜낸 민주주의의 토대 위에서 함께 나아가야 합니다,T6,[],False,미래
25_49,25,2019,문재인,문재인,진보,49,광주로부터 빚진 마음을 대한민국의 발전으로 갚아야 합니다,T5,"[""T1""]",False,미래
25_51,25,2019,문재인,문재인,진보,51,지난해 3월 「5·18민주화운동 진상규명을 위한 특별법」이 제정됐습니다,T4,[],True,과거
25_52,25,2019,문재인,문재인,진보,52,핵심은 진상조사규명위원회를 설치하여 남겨진 진실을 낱낱이 밝히는 것입니다,T4,[],True,현재
25_53,25,2019,문재인,문재인,진보,53,그러나 아직도 위원회가 출범조차 못 하고 있습니다,T4,[],True,현재
25_54,25,2019,문재인,문재인,진보,54,국회와 정치권이 더 큰 책임감을 가지고 노력해 주실 것을 촉구합니다,T4,[],True,현재
25_55,25,2019,문재인,문재인,진보,55,"우리 정부는 국방부 자체 5·18민주화운동특별조사위원회 활동을 통해 계엄군 헬기 사격, 성폭행과 추행, 성고문 등 여성인권 침해행위를 확인했고, 국방부장관이 공식 사과했습니다",T4,"[""T1""]",True,과거
25_56,25,2019,문재인,문재인,진보,56,정부는 특별법에 의한 진상조사규명위원회가 출범하면 제 역할을 할 수 있도록 모든 자료를 제공하고 적극 지원할 것을 약속드립니다,T4,[],True,미래
25_58,25,2019,문재인,문재인,진보,58,"5·18민주화운동 39년이 된 오늘, 광주는 평범한 삶과 평범한 행복을 꿈꿉니다",T5,[],False,현재
25_59,25,2019,문재인,문재인,진보,59,그해에 태어나 서른아홉 번의 5월을 보낸 광주의 아들딸들은 중년의 어른이 됐습니다,T6,[],False,과거
25_60,25,2019,문재인,문재인,진보,60,"결혼도 하고, 부모가 되기도 했을 것입니다",T5,[],False,미래
25_61,25,2019,문재인,문재인,진보,61,진실이 상식이 된 세상에서 광주의 아들딸들이 함께 잘살아가게 되기를 저는 진심으로 바랍니다,T5,"[""T4""]",False,현재
25_79,25,2019,문재인,문재인,진보,79,"오늘부터 228번 시내버스가 5월의 주요 사적지인 주남마을과 전남대병원, 옛도청과 5·18민주화운동기록관을 운행합니다",T6,[],True,현재
25_80,25,2019,문재인,문재인,진보,80,228번은 대구 2·28민주운동을 상징하는 번호입니다,T6,"[""T7""]",False,현재
25_81,25,2019,문재인,문재인,진보,81,대구에서도 518번 시내버스가 운행되고 있습니다,T6,[],False,현재
25_82,25,2019,문재인,문재인,진보,82,대구달구벌과 광주 빛고을은 ‘달빛동맹’을 맺었고 정의와 민주주의로 결속했습니다,T3,"[""T4""]",False,과거
25_83,25,2019,문재인,문재인,진보,83,광주에 대한 부정과 모욕이 이어지는 상황에서 권영진 대구시장님은 광주시민께 사과의 글을 올렸습니다,T1,"[""T3""]",False,과거
25_84,25,2019,문재인,문재인,진보,84,두 도시는 역사 왜곡과 분열의 정치 를 반대하고 연대와 상생협력을 실천하고 있습니다,T3,[],False,현재
25_85,25,2019,문재인,문재인,진보,85,이것이 우리가 가야 할 용서와 화해의 길입니다,T3,"[""T2""]",False,현재
25_86,25,2019,문재인,문재인,진보,86,5월은 더 이상 분노와 슬픔의 5월이 되어서는 안 됩니다,T5,[],False,현재
25_87,25,2019,문재인,문재인,진보,87,"우리의 5월은 희망의 시작, 통합의 바탕이 되어야 합니다",T3,[],False,미래
25_88,25,2019,문재인,문재인,진보,88,진실 앞에서 우리의 마음을 열어놓을 때 용서와 포용의 자리는 커질 것입니다,T2,"[""T3"", ""T4""]",False,미래
25_89,25,2019,문재인,문재인,진보,89,진실을 통한 화해만이 진정한 국민통합의 길임을 오늘의 광주가 우리에게 가르쳐 주고 있습니다,T3,"[""T4""]",False,현재
25_90,25,2019,문재인,문재인,진보,90,"광주에는 용기와 부끄러움, 의로움과 수치스러움, 분노와 용서가 함께 있습니다",T2,"[""T1""]",False,현재
25_91,25,2019,문재인,문재인,진보,91,광주가 짊어진 역사의 짐이 너무 무겁습니다,T7,"[""T5""]",False,현재
25_92,25,2019,문재인,문재인,진보,92,"그해 5월, 광주를 보고 겪은 온국민이 함께 짊어져야 할 짐입니다",T7,"[""T6""]",False,현재
25_93,25,2019,문재인,문재인,진보,93,광주의 자부심은 역사의 것이고 대한민국의 것이며 국민 모두의 것입니다,T6,"[""T7""]",False,현재
25_94,25,2019,문재인,문재인,진보,94,광주로부터 뿌려진 민주주의의 씨앗을 함께 가꾸고 키워내는 일은 행복한 일이 될 것입니다,T6,[],False,미래
25_95,25,2019,문재인,문재인,진보,95,우리의 5월이 해마다 빛나고 모든 국민에게 미래로 가는 힘이되기를 바랍니다,T6,[],False,현재
26_3,26,2020,문재인,문재인,진보,3,"시민들과 함께하는 5·18, 생활 속에서 되살아나는 5·18을 바라며 정부는 처음으로 5·18민주화운동 기념식을 망월동 묘역이 아닌 이곳 전남도청 앞 광장에서 거행합니다",T6,[],True,현재
26_4,26,2020,문재인,문재인,진보,4,"5·18항쟁 기간 광장은 서로의 안부를 확인하는 사랑방이었고, 용기를 나누는 항쟁의 지도부였습니다",T6,[],False,과거
26_5,26,2020,문재인,문재인,진보,5,우리는 광장에서 결코 잊을 수 없는 대동세상을 보았습니다,T6,"[""T3""]",False,과거
26_6,26,2020,문재인,문재인,진보,6,"직접 시위에 참가하지 않은 시민들과 어린 학생들도 주먹밥을 나누고 부상자들을 돌보며, 피가 부족하면 기꺼이 헌혈에 나섰습니다",T6,"[""T5""]",False,과거
26_7,26,2020,문재인,문재인,진보,7,"우리는 독재권력과 다른 우리의 이웃들을 만났고, 목숨마저 바칠 수 있는 민주주의의 참모습을 보았습니다",T6,[],False,과거
26_8,26,2020,문재인,문재인,진보,8,도청 앞 광장에 흩뿌려진 우리의 민주주의는 지난 40년 전국의 광장으로 퍼져나가 서로의 손을 맞잡게 했습니다,T6,"[""T7""]",False,과거
26_9,26,2020,문재인,문재인,진보,9,"드디어 5월 광주는 전국으로 확장되었고, 열사들이 꿈꾸었던 내일이 우리의 오늘이 되었습니다",T6,"[""T7""]",False,과거
26_11,26,2020,문재인,문재인,진보,11,오늘 우리에게는 서로를 믿고 의지할 수 있는 더많은 광장이 필요합니다,T3,[],False,현재
26_12,26,2020,문재인,문재인,진보,12,우리는 오늘 5·18광장에서 여전히 식지 않은 5월 영령들의 뜨거운 가슴을 만납니다,T6,[],False,현재
26_13,26,2020,문재인,문재인,진보,13,"언제나 나눔과 연대, 공동체 정신으로 되살아나는 5월 영령들을 기리며, 그들의 정신을 민주주의의 약속으로 지켜온 유공자, 유가족들께 깊은 위로와 존경의 마음을 바칩니다",T6,"[""T5""]",False,현재
26_16,26,2020,문재인,문재인,진보,16,5월 정신은 평범한 사람들의 평범한 희망이 타인의 고통에 응답하며 만들어진 것입니다,T6,[],False,현재
26_17,26,2020,문재인,문재인,진보,17,"가족을 사랑하고, 이웃을 걱정하는 마음이 모여 정의로운 정신이 되었습니다",T4,"[""T6""]",False,과거
26_18,26,2020,문재인,문재인,진보,18,광주시민의 서로를 격려하는 마음과 나눔이 계엄군의 압도적 무력에 맞설 수 있었던 힘이었습니다,T6,[],False,과거
26_19,26,2020,문재인,문재인,진보,19,광주는 철저히 고립되었지만 단 한 건의 약탈이나 절도도 일어나지 않았습니다,T6,[],False,과거
26_20,26,2020,문재인,문재인,진보,20,주인 없는 가게에 돈을 놓고 물건을 가져갔습니다,T6,[],False,과거
26_21,26,2020,문재인,문재인,진보,21,그 정신은 지금도 우리 국민 한 사람 한 사람의 마음에 깃들어 있습니다,T6,[],False,현재
26_24,26,2020,문재인,문재인,진보,24,5월 어머니들은 대구 의료진의 헌신에 정성으로 마련한 주먹밥 도시락으로 어려움을 나눴습니다,T6,"[""T3""]",False,과거
26_25,26,2020,문재인,문재인,진보,25,5월 정신은 역사의 부름에 응답하며 지금도 살아 있는 숭고한 희생정신이 되었습니다,T6,[],False,과거
26_26,26,2020,문재인,문재인,진보,26,"1980년 5월 27일 새벽, 계엄군의 총칼에 이곳 전남도청에서 쓰러져간 시민들은 남은 이들이 더 나은 세상을 열어 갈 것이라 믿었습니다",T6,[],False,과거
26_27,26,2020,문재인,문재인,진보,27,오늘의 패배가 내일의 승리가 될 것이라 확신했습니다,T6,[],False,과거
26_28,26,2020,문재인,문재인,진보,28,산 자들은 죽은 자들의 부름에 응답하며 민주주의를 실천했습니다,T6,"[""T7""]",False,과거
26_29,26,2020,문재인,문재인,진보,29,"광주의 진실을 알리는 것이 민주화운동이 되었고, 5·18은 대한민국 민주주의의 위대한 역사가 되었습니다",T7,"[""T6""]",False,과거
26_30,26,2020,문재인,문재인,진보,30,"‘나라면 그날 도청에 남을 수 있었을까?’ 그 대답이 무엇이든 스스로에게 물어보는 시간을 가졌다면, 우리는 그날의 희생자들에게 응답한 것입니다",T6,"[""T1""]",False,현재
26_31,26,2020,문재인,문재인,진보,31,"사람이 사람끼리 서로 공감하며 아픔을 나누고 희망을 만들어내듯 우리는 진실한 역사와 공감하며 더 강한 용기를 얻고, 더 큰 희망을 만들어냈습니다",T6,"[""T5""]",False,과거
26_33,26,2020,문재인,문재인,진보,33,5월 정신은 더 널리 공감되어야 하고 세대와 세대를 이어 거듭 새롭게 태어나야 합니다,T6,[],False,미래
26_35,26,2020,문재인,문재인,진보,35,"“5·18에 대해 말할 수 있는 자격이 따로 있다면, 그것은 아직 5·18정신이 만개하지 않았다는 것입니다.”",T6,[],False,현재
26_36,26,2020,문재인,문재인,진보,36,"5·18을 겪지 않은 세대가 태어나고 자라 한 가정의 부모가 되고, 우리 사회의 주축이 되었습니다",T6,[],False,과거
26_37,26,2020,문재인,문재인,진보,37,그날 광주에 있지 않았던 사람들도 나름의 방식으로 함께 광주를 겪었습니다,T6,[],False,과거
26_39,26,2020,문재인,문재인,진보,39,5월 정신은 누구의 것도 아닌 우리 모두의 것입니다,T6,[],False,현재
26_40,26,2020,문재인,문재인,진보,40,5월 정신은 이 시대를 살아가는 우리들과 미래를 열어 가는 청년들에게 용기의 원천으로 끊임없이 재발견될 때 비로소 살아 있는 정신이라 할 수 있습니다,T6,"[""T7""]",False,현재
26_41,26,2020,문재인,문재인,진보,41,5월 정신이 우리 마음에 살아 있을 때 5·18의 진실도 끊임없이 발굴될 것입니다,T6,"[""T4""]",False,미래
26_42,26,2020,문재인,문재인,진보,42,5월 정신을 나누는 행사들이 5·18민주화운동 40년을 맞아 전국에서 펼쳐지고 있습니다,T6,[],False,현재
26_44,26,2020,문재인,문재인,진보,44,"저와 정부도 5월 정신이 우리 모두의 자부심이 되고, 미래세대의 마음과 삶을 더 풍요롭게 할 수 있도록 언제나 함께할 것입니다",T6,[],False,미래
26_48,26,2020,문재인,문재인,진보,48,"오늘 경과보고와 다짐을 낭독해준 차경태, 김륜이 님과 같은 미래세대가 정의롭고 공정한 세상에서 자신의 꿈을 마음껏 펼칠 수 있도록 우리 사회의 연대의 힘을 더 키워 가겠습니다",T4,"[""T3""]",False,미래
26_50,26,2020,문재인,문재인,진보,50,광주시민은 아픔을 넘어서는 긍지로 5·18의 명예를 소중히 지켜 왔습니다,T5,"[""T6""]",False,과거
26_51,26,2020,문재인,문재인,진보,51,광주 밖에서도 수많은 이들이 광주의 고통에 눈감지 않고 광주의 진실을 세상에 알렸습니다,T6,"[""T4""]",False,과거
26_52,26,2020,문재인,문재인,진보,52,정부도 5·18의 진상규명에 최선을 다하겠습니다,T4,[],True,미래
26_53,26,2020,문재인,문재인,진보,53,지난 5월 12일 본격적으로 활동을 시작한 5·18민주화운동 진상규명조사위원회가 남겨진 진실을 낱낱이 밝힐 수 있도록 지원을 아끼지 않겠습니다,T4,[],True,미래
26_54,26,2020,문재인,문재인,진보,54,"진실이 하나씩 세상에 드러날수록 마음의 응어리가 하나씩 풀리고, 우리는 그 만큼 더 용서와 화해의 길로 가까이 갈 수 있을 것입니다",T3,"[""T2"", ""T4""]",False,미래
26_55,26,2020,문재인,문재인,진보,55,왜곡과 폄훼는 더 이상설 길이 없어질 것입니다,T4,[],False,미래
26_56,26,2020,문재인,문재인,진보,56,"발포 명령자 규명과 계엄군이 자행한 민간인 학살, 헬기 사격의 진실과 은폐·조작 의혹 같은 국가폭력의 진상은 반드시 밝혀내야 할것입니다",T4,[],True,현재
26_57,26,2020,문재인,문재인,진보,57,처벌이 목적이 아닙니다,T4,[],False,현재
26_59,26,2020,문재인,문재인,진보,59,이제라도 용기를 내어 진실을 고백한다면 오히려 용서와 화해의 길이 열릴 것입니다,T2,"[""T3"", ""T4""]",False,미래
26_60,26,2020,문재인,문재인,진보,60,"5·18 행방불명자 소재를 파악하고, 추가 희생자의 명예회복과 배·보상에 있어서도 단 한명도 억울함이 없도록 하겠습니다",T5,"[""T4""]",True,미래
26_61,26,2020,문재인,문재인,진보,61,지난해 이준규 총경에 대한 파면 취소에 이어 어제 5·18민주화운동으로 징계를 받았던 퇴직 경찰관 21명에 대한 징계처분 직권취소가 이뤄졌습니다,T5,"[""T4""]",True,과거
26_62,26,2020,문재인,문재인,진보,62,"경찰관뿐만 아니라 군인, 해직기자 같은 다양한 희생자들의 명예회복을 위해서도 노력하겠습니다",T5,[],True,미래
26_63,26,2020,문재인,문재인,진보,63,진상규명의 가장 큰 동력은 광주의 아픔에 공감하는 국민입니다,T4,"[""T5""]",False,현재
26_64,26,2020,문재인,문재인,진보,64,"우리 국민은 민주공화국의 주권자로서 4·19혁명과 부마민주항쟁, 5·18민주화운동, 6월 민주항쟁과 촛불혁명까지 민주주의의 거대한 물줄기를 헤쳐 왔습니다",T7,"[""T6""]",False,과거
26_65,26,2020,문재인,문재인,진보,65,5·18의 완전한 진실을 향한 국민의 발걸음도 결코 되돌리거나 멈춰 세울 수 없습니다,T4,[],False,현재
26_66,26,2020,문재인,문재인,진보,66,"국민께서 함께 밝혀내고 함께 기억하는 진실은 우리 사회를 더욱 정의롭게 만드는 힘이 되고, 국민 화합과 통합의 기반이 될 것입니다",T3,"[""T4"", ""T6""]",False,미래
26_67,26,2020,문재인,문재인,진보,67,헌법 전문에 5·18민주화운동을 새기는 것은 5·18을 누구도 훼손하거나 부정할 수 없는 대한민국의 위대한 역사로 자리매김하는 일입니다,T6,"[""T4""]",True,현재
26_68,26,2020,문재인,문재인,진보,68,2018년 저는 5·18 민주이념의 계승을 담은 개헌안을 발의한 바 있습니다,T6,[],True,현재
26_69,26,2020,문재인,문재인,진보,69,언젠가 개헌이 이루어진다면 그 뜻을 살려 가기를 희망합니다,T6,[],True,현재
26_70,26,2020,문재인,문재인,진보,70,5·18민주화운동 기념일을 지방공휴일로 지정한 광주시의 결정이 매우 뜻깊습니다,T6,[],True,현재
26_71,26,2020,문재인,문재인,진보,71,5월 정신은 도청과 광장에서 끊임없이 되살아날 것입니다,T6,[],False,미래
26_72,26,2020,문재인,문재인,진보,72,전남도청의 충실한 복원을 통해 광주의 아픔과 정의로운 항쟁의 가치를 역사에 길이 남길 수 있도록 정부도 적극 지원하겠습니다,T6,"[""T5""]",True,미래
26_74,26,2020,문재인,문재인,진보,74,40년 전 광주는 숭고한 용기와 헌신으로 이 나라의 주인이 누구인지를 보여주었습니다,T7,"[""T6""]",False,과거
26_75,26,2020,문재인,문재인,진보,75,우리는 광주를 떠올리며 스스로 정의로운지를 물었고 그 물음으로 서로의 손을 잡으며 민주주의를 향한 용기를 잃지 않았습니다,T6,"[""T1""]",False,과거
26_76,26,2020,문재인,문재인,진보,76,세상을 바꾸는 힘은 언제나 국민께 있습니다,T7,[],False,현재
26_77,26,2020,문재인,문재인,진보,77,"광주를 통해 우리는 서로의 마음을 더 많이 모으고, 더 많이 나누고, 더 깊이 소통하는 것이 민주주의라는 것을 경험했습니다",T6,"[""T3""]",False,과거
26_78,26,2020,문재인,문재인,진보,78,우리에게 각인된 그 경험은 어떤 어려움 앞에서도 언제나 가장 큰 힘이 되어줄 것입니다,T6,[],False,미래
26_79,26,2020,문재인,문재인,진보,79,"이제 우리는 정치, 사회에서의 민주주의를 넘어 가정, 직장, 경제에서의 민주주의를 실현해야 하고, 나누고 협력하는 세계질서를 위해 다시 5월의 전남도청 앞 광장을 기억해야 합니다",T6,"[""T7""]",False,미래
26_80,26,2020,문재인,문재인,진보,80,그것이 그날 도청을 사수하며 죽은 자들의 부름에 산 자들이 진정으로 응답하는 길입니다,T6,[],False,현재
27_3,27,2021,문재인,문재인,진보,3,"시민군, 주먹밥, 부상자를 실어 나르던 택시, 줄지어 선 헌혈",T6,"[""T5""]",False,현재
27_4,27,2021,문재인,문재인,진보,4,함께 이웃을 지키고 살리고자 했던 마음이 민주주의입니다,T6,"[""T7""]",False,현재
27_5,27,2021,문재인,문재인,진보,5,오늘 그 마음이 촛불을 지나 우리의 자랑스러운 민주주의가 되고 코로나19를 극복하는 힘이 되었다는 것을 감사하게 되새깁니다,T6,"[""T7""]",False,현재
27_6,27,2021,문재인,문재인,진보,6,희망의 오월은 진상규명과 명예회복으로 열립니다,T4,"[""T5""]",True,현재
27_7,27,2021,문재인,문재인,진보,7,"지난해, ‘5·18민주화운동진상규명조사위원회’가 인권 유린과 폭력, 학살과 암매장 사건 등을 본격적으로 조사하기 시작했습니다",T4,[],True,과거
27_8,27,2021,문재인,문재인,진보,8,올해 3월에는 계엄군이 유족을 만나 직접 용서를 구하는 화해와 치유의 시간이 있었습니다,T2,"[""T3"", ""T5""]",False,과거
27_9,27,2021,문재인,문재인,진보,9,지난주 시민을 향해 기관총과 저격병까지 배치하여 조준 사격했다는 계엄군 장병들의 용기 있는 증언이 전해졌습니다,T4,[],False,과거
27_10,27,2021,문재인,문재인,진보,10,"이렇게 우리는 광주의 진실, 그 마지막을 향해 다가가고 있습니다",T4,[],False,현재
27_13,27,2021,문재인,문재인,진보,13,옛 전남도청 건물을 1980년 당시의 모습으로복원하기 위한 기본계획을 마쳤습니다,T6,"[""T5""]",True,과거
27_14,27,2021,문재인,문재인,진보,14,박용준 열사는 등사원지에 철필로 원고를 옮겨 적어 광주시민들의 소식지 '투사회보'를 만들었습니다,T6,[],False,과거
27_15,27,2021,문재인,문재인,진보,15,계엄군의 총이앗아간 그의 삶이 ‘박용준체’를 통해 우리 품으로 돌아옵니다,T6,"[""T5""]",True,현재
27_16,27,2021,문재인,문재인,진보,16,민주주의를 새롭게 열어갈 미래세대들을 위한 오월의 선물들입니다,T6,[],False,현재
27_17,27,2021,문재인,문재인,진보,17,우리는 영화 '택시운전사'의 기자 위르겐 힌츠페터(Jürgen Hinzpeter)를 기억합니다,T6,[],False,현재
27_18,27,2021,문재인,문재인,진보,18,오월 광주의 참상을 전 세계에 알리고 마지막까지 현장을 지키며 기록했던 그의 뜻을 기려 오는 10월부터 ‘힌츠페터 국제보도상’을 시상합니다,T6,[],True,현재
27_19,27,2021,문재인,문재인,진보,19,광주가 성취한 민주주의의 가치를 세계 시민들과 나누는 선물이 될 것입니다,T6,"[""T7""]",False,미래
27_21,27,2021,문재인,문재인,진보,21,오월 광주와 힌츠페터의 기자정신이 미얀마의 희망이 되길 간절히 기원합니다,T6,"[""T7""]",False,현재
27_23,27,2021,문재인,문재인,진보,23,"민주와 인권, 평화의 오월은 어제의 광주에 머물지 않고 내일로 세계로 한 걸음 한 걸음 힘차게 나아갈 것입니다",T6,"[""T7""]",False,미래
28_9,28,2021,문재인,총리(김부겸),진보,9,"부정한 권력이 야만과 광기로 내달릴 때, 광주는 깨어있는 시민의식과 민주역량을 보여주었습니다",T6,"[""T7""]",False,과거
28_10,28,2021,문재인,총리(김부겸),진보,10,독재에 맞선 모든 이웃과 시민을 내 가족처럼 보듬어 안은 하나 된 공동체를 보여주었습니다,T5,"[""T3""]",False,과거
28_11,28,2021,문재인,총리(김부겸),진보,11,"5월 광주 이후, 그날의 진실을 알리는 일이 곧 민주화운동이 되었습니다. 5월 광주 없이는 대한민국의 민주주의를 말할 수 없습니다",T6,"[""T7""]",False,과거
28_12,28,2021,문재인,총리(김부겸),진보,12,이 땅의 민주주의를 누리고 있는 우리 모두는 광주에 빚진 사람들입니다,T6,"[""T1""]",False,현재
28_14,28,2021,문재인,총리(김부겸),진보,14,"존경하는 광주시민과 전남도민 여러분, 41년 전, 광주에서 벌어진 일은 분명합니다",T4,[],False,현재
28_15,28,2021,문재인,총리(김부겸),진보,15,신군부가 장악한 국가권력이 국민을 학살했습니다,T4,[],False,과거
28_16,28,2021,문재인,총리(김부겸),진보,16,"대한민국의 국무총리로서 광주시민과 5·18 영령 앞에, 고개 숙여 사죄드립니다",T1,[],False,현재
28_17,28,2021,문재인,총리(김부겸),진보,17,"화해와 용서는 지속적인 진상규명과 가해당사자들의 진정한 사과, 살아있는 역사로서 ‘오월 광주’를 함께 기억할 때 비로소 가능합니다",T3,"[""T2"", ""T4"", ""T6""]",False,현재
28_18,28,2021,문재인,총리(김부겸),진보,18,용기 있는 증언과 고백이 이어지고 있습니다,T4,[],False,현재
28_19,28,2021,문재인,총리(김부겸),진보,19,"지난 3월, 계엄군으로 광주에 투입되었던 공수부대원이 자신의 총격으로 희생당한 고(故) 박병현씨 유가족을 만나 사죄했습니다",T1,"[""T2""]",False,과거
28_20,28,2021,문재인,총리(김부겸),진보,20,고인의 형께서는 “늦게라도 사과해 주어 고맙다. 과거의 아픔을 잊어버리고 마음 편히 살아달라”며 따뜻하게 안아주셨습니다,T2,"[""T3"", ""T5""]",False,과거
28_21,28,2021,문재인,총리(김부겸),진보,21,진실보다 위대한 사과와 애도는 없습니다,T1,"[""T4""]",False,현재
28_22,28,2021,문재인,총리(김부겸),진보,22,진실의 고백은 화해와 용서의 시작입니다,T3,"[""T2"", ""T4""]",False,현재
28_23,28,2021,문재인,총리(김부겸),진보,23,"전국에 계신 여러 당사자와 목격자 여러분, 간곡히 호소드립니다",T4,[],False,현재
28_24,28,2021,문재인,총리(김부겸),진보,24,"더 늦기 전에, 역사 앞에 진실을 보여주십시오",T4,[],False,현재
28_25,28,2021,문재인,총리(김부겸),진보,25,"가족의 생사라도 확인하고 싶은 그 마음, 시신이라도 찾고 싶은 애절한 심정, 어떻게 목숨을 잃었는지라도 알고 싶은 안타까움을 조금이라도 헤아려 주십시오",T5,"[""T4""]",False,현재
28_26,28,2021,문재인,총리(김부겸),진보,26,시간이 많지 않습니다,T4,[],False,현재
28_27,28,2021,문재인,총리(김부겸),진보,27,오랜 세월 묶여있는 그 한을 풀어 주십시오,T5,[],False,현재
28_28,28,2021,문재인,총리(김부겸),진보,28,"누구도, 여러분에게 책임을 묻지 않을 것입니다",T2,[],False,미래
28_29,28,2021,문재인,총리(김부겸),진보,29,여러분 또한 역사의 피해자였다는 사실을 우리 모두 알고 있습니다,T5,"[""T7""]",False,현재
28_30,28,2021,문재인,총리(김부겸),진보,30,광주시민께서는 여러분을 따뜻하게 위로하고 안아주실 것입니다,T2,"[""T3""]",False,미래
28_32,28,2021,문재인,총리(김부겸),진보,32,지난해 ‘5·18민주화운동 진상규명 조사위원회’가 출범했습니다,T4,[],True,과거
28_33,28,2021,문재인,총리(김부겸),진보,33,계엄군으로 투입되었던 장병들이 과거에 비해 적극적으로 진술에 나서고 있습니다,T4,[],False,현재
28_34,28,2021,문재인,총리(김부겸),진보,34,"아직도 찾지 못한 시신들, 헬기사격, 발포책임자 규명 등 아직 밝혀내야 할 진실들이 많습니다",T4,[],False,현재
28_36,28,2021,문재인,총리(김부겸),진보,36,대한민국은 ‘오월 광주’에 대한 완전한 진실이 규명될 때까지 결코 포기하지 않을 것입니다,T4,[],True,미래
28_37,28,2021,문재인,총리(김부겸),진보,37,"광주시민과 전남도민 여러분, 계엄군으로 참여했던 군인들의 용기 있는 진술로 진실이 밝혀지고 있는 이 시점에도, 내란목적 살인죄를 저지른 핵심 책임자들은 단 한마디의 고백과 사과도 없습니다",T4,"[""T1""]",False,현재
28_38,28,2021,문재인,총리(김부겸),진보,38,"역사의 이름으로, 광주의 이름으로, 요구합니다",T4,[],False,현재
28_39,28,2021,문재인,총리(김부겸),진보,39,"그날의 진실을 밝히고, 광주 앞에 무릎 꿇고 용서를 구하십시오",T1,"[""T2"", ""T4""]",False,현재
28_40,28,2021,문재인,총리(김부겸),진보,40,"터무니없는 왜곡과 날조로 5·18 영령과 유가족은 물론, 민주주의를 염원하는 대한민국 국민 모두를 모욕하는 용납할 수 없는 일도 있었습니다",T4,[],False,과거
28_41,28,2021,문재인,총리(김부겸),진보,41,다시는 이런 일이 일어날 수 없도록 ‘5·18 민주화운동 등에 관한 특별법’을 개정하였습니다,T4,[],True,과거
28_43,28,2021,문재인,총리(김부겸),진보,43,하루속히 우리 사회 구성원 모두가 ‘오월 광주’를 역사적 진실로 받아들이기를 바랍니다,T6,"[""T4""]",False,현재
28_44,28,2021,문재인,총리(김부겸),진보,44,"존경하는 국민 여러분, 광주시민과 전남도민 여러분, 5·18민주화운동과 그 정신은 혼돈의 시대를 밝힌 자랑스러운 우리의 역사입니다",T6,"[""T7""]",False,현재
28_45,28,2021,문재인,총리(김부겸),진보,45,비단 우리만의 이야기가 아닙니다,T6,[],False,현재
28_46,28,2021,문재인,총리(김부겸),진보,46,민주주의를 열망하며 투쟁하고 있는 전 세계 시민들에게도 광주는 희망입니다,T6,"[""T7""]",False,현재
28_47,28,2021,문재인,총리(김부겸),진보,47,지금도 광주에서는 군부독재에 맞서 싸우고 있는 미얀마 시민들을 응원하기 위해 ‘임을 위한 행진곡’이 울려 퍼지고 있습니다,T6,"[""T7""]",False,현재
28_48,28,2021,문재인,총리(김부겸),진보,48,"비단 미얀마 뿐 아니라 전 세계 어디에서든, 부정과 불의, 민주주의를 짓밟는 세력에 저항하는 모든 시민들이 광주와 함께 반드시 승리하기를 바랍니다",T6,"[""T7""]",False,현재
28_49,28,2021,문재인,총리(김부겸),진보,49,"존경하는 국민 여러분, 절체절명의 상황에서도 시민들이 서로를 믿고 의지한 오월 광주의 정신은 코로나19 위기를 맞고 있는 지금의 대한민국에 너무나 절실합니다",T6,[],False,현재
28_50,28,2021,문재인,총리(김부겸),진보,50,"지난해 대구에서 코로나19 환자가 속출해 치료를 위한 의료시설마저 부족해진 극단의 위기에 처했을 때, 광주가 가장 먼저 손을 내밀어 주셨습니다",T3,"[""T5""]",False,과거
28_51,28,2021,문재인,총리(김부겸),진보,51,‘빛고을전남대병원’과 ‘순천의료원’이 전국에서 맨 처음으로 대구의 환자들에게 병상을 내 주셨습니다,T3,"[""T5""]",False,과거
28_52,28,2021,문재인,총리(김부겸),진보,52,"끝없이 밀어닥치는 환자에 대구의 의료진들이 지쳐 쓰러져 갈 때, 광주시의사회가 ‘달빛의료지원단’을 꾸려 대구에 와주셨습니다",T3,"[""T5""]",False,과거
28_53,28,2021,문재인,총리(김부겸),진보,53,‘오월어머니집’에서는 대구시민과 의료진들을 위해 따뜻한 도시락을 만들어 보내주셨습니다,T3,[],False,과거
28_54,28,2021,문재인,총리(김부겸),진보,54,이것이 ‘오월 정신’입니다,T6,[],False,현재
28_55,28,2021,문재인,총리(김부겸),진보,55,오월 정신은 달빛 동맹으로 이어졌습니다,T3,"[""T6""]",False,과거
28_56,28,2021,문재인,총리(김부겸),진보,56,"대구를 달리는 518버스, 광주를 달리는 228버스도 보았습니다",T3,"[""T6""]",False,과거
28_57,28,2021,문재인,총리(김부겸),진보,57,"오월 광주가 외롭지 않았듯이, 2020년 대구도 외롭지 않았습니다",T3,[],False,과거
28_58,28,2021,문재인,총리(김부겸),진보,58,이곳에 분열과 갈등이 들어설 자리는 없습니다,T3,[],False,현재
28_59,28,2021,문재인,총리(김부겸),진보,59,거짓으로 국민을 갈라놓은 일은 이제 멈추어야 합니다,T3,"[""T4""]",False,미래
28_60,28,2021,문재인,총리(김부겸),진보,60,"존경하는 국민 여러분, 오월 정신을 국민통합의 정신으로 계승해 나갑시다",T6,"[""T3""]",True,미래
28_61,28,2021,문재인,총리(김부겸),진보,61,"위대한 민주주의의 역사 아래, 분열과 대립을 넘어 더 큰 대한민국을 향해 나아갑시다",T3,"[""T7""]",True,미래
28_62,28,2021,문재인,총리(김부겸),진보,62,이 땅의 민주주의를 지켜내신 민주영령과 유공자 여러분께 부끄럽지 않도록 혼신의 힘을 다해 대한민국 공동체를 지켜나갑시다,T6,"[""T1""]",False,미래
29_4,29,2022,윤석열,윤석열,보수,4,우리는 민주 영령들께서 잠들어 계시는 이곳에 숙연한 마음으로 섰습니다,T6,[],False,과거
29_5,29,2022,윤석열,윤석열,보수,5,고귀한 희생에 경의를 표하며 머리 숙여 명복을 빕니다,T5,"[""T6""]",False,현재
29_6,29,2022,윤석열,윤석열,보수,6,"가족과 이웃, 벗을 잃은 아픔을 안고 살아가시는 5·18민주화운동 유공자와 유가족 여러분께도 깊은 위로의 말씀을 드립니다",T5,[],False,현재
29_7,29,2022,윤석열,윤석열,보수,7,"우리는 42년 전, 자유민주주의와 인권의 가치를 피로써 지켜낸 오월의 항거를 기억하고 있습니다",T6,"[""T7""]",False,현재
29_8,29,2022,윤석열,윤석열,보수,8,그날의 아픔을 정면으로 마주하면서 우리는 이 땅에 자유민주주의를 발전시켜 왔습니다,T7,"[""T6""]",False,과거
29_9,29,2022,윤석열,윤석열,보수,9,"오월 정신은 보편적 가치의 회복이고, 자유민주주의 헌법 정신 그 자체입니다",T6,"[""T7""]",False,현재
29_10,29,2022,윤석열,윤석열,보수,10,"그 정신은 우리 모두의 것이고, 대한민국의 귀중한 자산입니다",T6,[],False,현재
29_11,29,2022,윤석열,윤석열,보수,11,오월의 정신은 지금도 자유와 인권을 위협하는 일체의 불법 행위에 대해 강력하게 저항할 것을 우리에게 명령하고 있습니다,T6,"[""T7""]",False,현재
29_12,29,2022,윤석열,윤석열,보수,12,5·18은 현재도 진행 중인 살아있는 역사입니다,T7,"[""T6""]",False,현재
29_13,29,2022,윤석열,윤석열,보수,13,이를 책임 있게 계승해 나가는 것이야말로 우리의 후손과 나라의 번영을 위한 출발입니다,T6,[],False,현재
29_14,29,2022,윤석열,윤석열,보수,14,오월 정신이 담고 있는 자유민주주의와 인권의 가치가 세계 속으로 널리 퍼져나가게 해야 합니다,T6,"[""T7""]",False,미래
29_21,29,2022,윤석열,윤석열,보수,21,저와 새 정부는 민주 영령들이 지켜낸 가치를 승화시켜 번영의 길로 나아갈 수 있도록 최선을 다할 것입니다,T6,[],True,미래
29_24,29,2022,윤석열,윤석열,보수,24,"존경하는 광주시민 여러분, 저는 오월 정신을 확고히 지켜나갈 것입니다",T6,[],True,미래
29_25,29,2022,윤석열,윤석열,보수,25,광주의 미래를 여러분과 함께 멋지게 열어갈 것을 약속드립니다,T6,[],True,현재
29_27,29,2022,윤석열,윤석열,보수,27,"다시 한번, 민주 영령들의 정신을 기리며 그분들의 안식을 기원합니다",T6,[],False,현재
29_28,29,2022,윤석열,윤석열,보수,28,그리고 오월 정신을 묵묵히 이어오신 유공자와 유가족 여러분께도 위로의 말씀을 드립니다,T5,"[""T6""]",False,현재
29_29,29,2022,윤석열,윤석열,보수,29,희망을 잃지 않고 꿋꿋하게 살아가는 그분들의 용기에 깊이 감사드립니다,T5,[],False,현재
29_30,29,2022,윤석열,윤석열,보수,30,자유민주주의와 인권의 가치는 우리 국민을 하나로 묶는 통합의 철학입니다,T3,[],False,현재
29_31,29,2022,윤석열,윤석열,보수,31,그러므로 자유민주주의를 피로써 지켜낸 오월의 정신은 바로 국민 통합의 주춧돌입니다,T6,"[""T3""]",False,현재
29_32,29,2022,윤석열,윤석열,보수,32,오월이 품은 정의와 진실의 힘이 시대를 넘어 영원히 빛날 수 있도록 우리 함께 노력합시다,T4,"[""T7""]",False,미래
29_33,29,2022,윤석열,윤석열,보수,33,오월의 정신이 우리 국민을 단결하게 하고 위기와 도전에서 우리를 지켜줄 것이라고 저는 확신합니다,T6,"[""T3""]",False,현재
29_34,29,2022,윤석열,윤석열,보수,34,"그런 의미에서 자유와 정의, 그리고 진실을 사랑하는 우리 대한민국 국민 모두는 광주 시민입니다",T3,"[""T4""]",False,현재
30_1,30,2023,윤석열,윤석열,보수,1,"존경하는 국민 여러분, 5·18 민주화운동 유공자와 유가족 여러분, 오늘 우리는 43년 전, 자유민주주의와 인권의 가치를 피로써 지켜낸 오월의 항거를 기억하고, 민주 영령들을 기리기 위해 이 자리에 함께 섰습니다",T6,[],False,과거
30_2,30,2023,윤석열,윤석열,보수,2,민주 영령들의 희생과 용기에 깊은 경의를 표하며 명복을 빕니다,T6,[],False,현재
30_3,30,2023,윤석열,윤석열,보수,3,오랜 세월 그날의 아픔을 가슴에 묻고 계신 5·18 민주화유공자와 유가족분들께 깊은 위로의 말씀을 드립니다,T5,[],False,현재
30_4,30,2023,윤석열,윤석열,보수,4,이 땅의 자유민주주의는 저절로 얻어진 것이 아닙니다,T7,[],False,현재
30_6,30,2023,윤석열,윤석열,보수,6,광주는 자유민주주의와 인권의 가치를 지켜낸 역사의 현장이었습니다,T7,"[""T6""]",False,과거
30_7,30,2023,윤석열,윤석열,보수,7,"오월의 정신은 우리 자유민주주의 헌법 정신 그 자체이고, 우리가 반드시 계승해야 할 소중한 자산입니다",T6,[],False,현재
30_8,30,2023,윤석열,윤석열,보수,8,우리를 하나로 묶는 구심체입니다,T3,[],False,현재
30_9,30,2023,윤석열,윤석열,보수,9,그리고 오월의 정신은 우리에게 자유민주주의를 지키기 위한 실천을 명령하고 있습니다,T6,[],False,현재
30_10,30,2023,윤석열,윤석열,보수,10,우리가 오월의 정신을 잊지 않고 계승한다면 우리는 자유와 민주주의를 위협하는 모든 세력과 도전에 당당히 맞서 싸워야 하고 그런 실천적 용기를 가져야 합니다,T6,"[""T7""]",False,미래
30_11,30,2023,윤석열,윤석열,보수,11,민주주의의 위기를 초래하는 안팎의 도전에 맞서 투쟁하지 않는다면 오월의 정신을 말하기 부끄러울 것입니다,T6,"[""T1""]",False,미래
30_15,30,2023,윤석열,윤석열,보수,15,"사랑하는 남편, 자식, 형제를 잃은 한을 가슴에 안고서도 오월의 정신이 빛을 잃지 않도록 일생을 바치신 분들입니다",T5,"[""T6""]",False,현재
30_16,30,2023,윤석열,윤석열,보수,16,"애통한 세월을 감히 헤아릴 수 없지만, 희망을 잃지 않고 살아가시는 분들의 용기에 다시 한 번 깊이 감사드립니다",T5,[],False,현재
30_17,30,2023,윤석열,윤석열,보수,17,"존경하는 국민 여러분 사랑하는 광주시민과 전남도민 여러분, 우리는 모두 오월의 정신으로 위협과 도전에 직면한 우리의 자유민주주의를 지키고 실천하며 창의와 혁신의 정신으로 산업의 고도화, 경제의 번영을 이루어 내야 합니다",T6,[],False,미래
30_18,30,2023,윤석열,윤석열,보수,18,그것이 오월의 정신을 구현하는 길이고 민주영령들께 보답하는 길입니다,T6,[],False,현재
30_19,30,2023,윤석열,윤석열,보수,19,오월의 정신으로 우리는 모두 하나가 되었습니다,T3,"[""T6""]",False,과거
30_20,30,2023,윤석열,윤석열,보수,20,오월의 정신 아래 우리는 모두 하나입니다,T3,"[""T6""]",False,현재
30_21,30,2023,윤석열,윤석열,보수,21,민주 영령들의 안식을 기원합니다,T6,[],False,현재
31_4,31,2024,윤석열,윤석열,보수,4,자유민주주의와 인권을 지키기 위해 광주가 하나 되어 항거했습니다,T7,"[""T6""]",False,과거
31_5,31,2024,윤석열,윤석열,보수,5,"1980년 5월, 광주의 그 뜨거운 연대가 오늘 대한민국의 자유와 번영을 이룬 토대가 됐습니다",T7,"[""T6""]",False,과거
31_7,31,2024,윤석열,윤석열,보수,7,민주 영령들의 숭고한 희생에 경의를 표하며 마음을 다해 안식을 빕니다,T6,[],False,현재
31_8,31,2024,윤석열,윤석열,보수,8,"또한, 그날의 아픔을 가슴에 묻고 묵묵히 오월의 정신을 이어오신, 5·18 민주화운동 유공자와 유가족 여러분께 위로와 감사의 말씀을 드립니다",T5,"[""T6""]",False,현재
31_9,31,2024,윤석열,윤석열,보수,9,"국민 여러분, 오월의 정신이 깊이 뿌리내리면서, 대한민국은 자유민주주의의 꽃을 활짝 피워냈습니다",T6,"[""T7""]",False,과거
31_18,31,2024,윤석열,윤석열,보수,18,이를 통해 국민의 마음을 하나로 묶고 온 국민이 행복하고 풍요로운 희망찬 미래로 나아가야 합니다,T3,[],False,미래
31_19,31,2024,윤석열,윤석열,보수,19,"저는 이것이 오월의 정신을 이 시대에 올바르게 계승하는 일이며, 광주의 희생과 눈물에 진심으로 보답하는 길이라고 믿습니다",T6,"[""T5""]",False,현재
31_20,31,2024,윤석열,윤석열,보수,20,"민주 영령들께서 남겨주신, 자유민주주의의 위대한 유산을 더욱 굳건하게 지킬 것입니다",T6,[],True,미래
31_21,31,2024,윤석열,윤석열,보수,21,"국민의 삶을 더 세심하게 챙기면서, 더 큰 대한민국을 향해 국민과 함께 힘차게 나아갈 것입니다",T6,[],True,미래
31_22,31,2024,윤석열,윤석열,보수,22,"오월의 정신이 찬란하게 빛나는 새로운 미래를 열기 위해, 저와 정부의 모든 노력을 다하겠습니다",T6,[],True,미래
31_23,31,2024,윤석열,윤석열,보수,23,"국민 여러분, 1980년 5월, 광주 오월의 정신은 지금도 우리 속에 살아 숨 쉬고 있습니다",T6,[],False,현재
31_24,31,2024,윤석열,윤석열,보수,24,"다시 한번 우리 모두의 힘을 모아, 오월 민주 영령들의 큰 뜻을 실천하고, 자유와 번영의 대한민국을 함께 만들어 갑시다",T6,"[""T3""]",False,미래
32_1,32,2025,윤석열,부총리(이주호),보수,1,"존경하는 국민 여러분, 5·18 민주화 운동 유공자와 유가족 여러분, 광주 시민과 전남 도민 여러분, 오늘 우리는 민주 영령들께서 영면에 계신 이곳 5·18 민주묘지에서 함께 5월의 정신을 기립니다",T6,[],False,현재
32_2,32,2025,윤석열,부총리(이주호),보수,2,이 땅의 자유와 민주주의를 위해 헌신하신 민주 영령들의 고귀한 희생을 가슴 깊이 새기며 삼가 머리 숙여 명복을 빕니다,T6,[],False,현재
32_3,32,2025,윤석열,부총리(이주호),보수,3,헤아릴 수 없는 아픔 속에서 통한의 세월을 견뎌오신 5·18 민주화 운동 유공자와 유가족 여러분께도 깊은 위로의 말씀을 드립니다,T5,[],False,현재
32_6,32,2025,윤석열,부총리(이주호),보수,6,그 피 끓는 5월 영령들의 외침과 이웃을 내 가족처럼 보듬어 하는 공동체 정신이 하나 되어 5월의 정신이 되었습니다,T6,"[""T3""]",False,과거
32_8,32,2025,윤석열,부총리(이주호),보수,8,서로의 고통을 끌어안으며 함께 써 내려간 희망이 있었기에 마침내 민주주의의 봄을 꽃피우고 눈부신 경제 발전을 일궈 사랑받고 존경받는 나라로 세계 속에 우뚝 설 수 있었습니다,T5,"[""T7""]",False,과거
32_10,32,2025,윤석열,부총리(이주호),보수,10,함께 5월의 정신을 기리고 기억하는 것이야말로 오늘 우리가 누리는 자랑스러운 민주주의를 지키는 길입니다,T6,[],False,현재
32_12,32,2025,윤석열,부총리(이주호),보수,12,45년 전 5월의 광주가 보여주었던 연대와 통합의 정신은 지금 우리에게 꼭 필요한 가르침입니다,T3,"[""T6"", ""T7""]",False,현재
32_13,32,2025,윤석열,부총리(이주호),보수,13,우리 모두의 삶 속에 끊임없이 5월의 정신을 되살려 대화와 타협으로 진정한 국민통합의 길을 열어 나가야 합니다,T3,"[""T6""]",False,미래
32_14,32,2025,윤석열,부총리(이주호),보수,14,존경하는 국민 여러분 우리의 오늘은 5월 영령들이 그토록 꿈꾸었던 내일이었습니다,T7,"[""T6""]",False,과거
32_15,32,2025,윤석열,부총리(이주호),보수,15,서로의 다름을 존중하고 아픔에 공감하며 함께 미래를 향해 나아가는 것이야말로 5월의 광주에 대한 진정한 보답의 길이라 생각합니다,T3,"[""T5"", ""T6""]",False,현재
32_16,32,2025,윤석열,부총리(이주호),보수,16,정부는 5월이 꽃 피운 희망을 국민 여러분과 소중히 가꾸고 국민 통합의 원동력으로 삼아 흔들림 없이 5월의 정신을 이어 나가겠습니다,T6,"[""T3""]",True,미래
32_17,32,2025,윤석열,부총리(이주호),보수,17,1980년 숭고한 용기와 희생으로 지켜낸 위대한 민주주의 역사 위에서 대립과 분열을 넘어 더 큰 대한민국을 향해 함께 나아갑시다,T3,"[""T6"", ""T7""]",False,미래
32_18,32,2025,윤석열,부총리(이주호),보수,18,다시 한 번 5·18 민주화 운동 유공자와 유가족분들께 무한한 존경과 감사의 말씀을 드립니다,T5,[],False,현재
