speech_id,president,speaker,year,date,regime,full_text,word_count,url,fulltext=0,analysis_scope,exclusion_reason
1,김영삼,김영삼,1993,5.13,보수,"친애하는 국민여러분.
저는 오늘, 1980년 5월 광주 민주화 운동의 역사적 의미를 되새기면서, 광주의 아픔을 씻어내고, 그 명예를 회복하기 위한 정부의 방안을 말씀드리고자 합니다.
저는 먼저 5.18 광주 민주와 운동 때 피해를 당하신 분들과 그 유가족, 그리고 광주 시민 여러분에게 대통령으로서 위로의 말씀을 드립니다.
돌이켜보면 80년 5월의 민주화 운동은 당시로서는 엄청난 좌절이었습니다. 그러나 문민 민주화를 향해 우리가 걸어온 고난에 찬 력정에서 볼 때, 광주 민주화 운동은 우뚝한 한 봉우리를 차지하고 있습니다.
그렇습니다.
1980년 5월, 광주의 유혈은 이 나라 민주주의의 밑거름이 되었습니다. 그 희생은 바로 이 나라 민주주의를 위한 것이었습니다.
80년 5월의 민주화 운동, 그리고 87년 6월 항쟁을 통해 마침내 우리는 이 땅에 문민 민주정부를 세웠습니다.
친애하는 국민 여러분.
저는 처절했던 5.18 광주 민주화 운동 때 야당 총재로서, 맨처음 군부정권 당국에 정면으로 항의했습니다.
기자회견을 통하여 그 비극적 사태를 온세계에 알렸습니다. 바로 그것 때문에 저는 3년 여에 걸쳐 가택연금을 당해야 했습니다.
광주 민주화 운동 3주년이 되는 1983년 5월 18일, 가택연금 중에 저는 23일간 생명을 건 단식투쟁을 전개하였습니다. 광주의 유혈을 막지 못한 책임을 통감하면서, 잃어 버린 민주주의를 되찾기 위해서였습니다.
분명히 말하거니와 오늘의 정부는 광주 민주화 운동의 연장선에 있는 민주정부입니다.
광주 민주화 운동의 부권과 명예회복, 그리고 그때의 상처와 아픔을 치유하기 위하여 광주 시민 여러분과 같은 입장에 서서 고뇌하는 정부입니다. 또한 문민 정부의 출범과 그 개혁은 광주 민주화 운동의 역사적 의미를 실현시켜 나가는 과정입니다.
광주문제는 더 이상 앙금으로 남아 있어서는 안됩니다. 결코 정치적 목적으로 이용되거나, 정쟁의 대상이 되어서는 안됩니다.
광주 민주화 운동은 정당하게 평가되고 올바르게 역사에 기록되어야 합니다. 광주의 아픔은 치유되고 명예회복도 이루어져야 한다고 믿습니다. 그것은 광주의 고통을 온국민이 함께 나누고, 광주의 민주정신을 전국적으로 승화시키는 방향에서, 그리고 광주 시민이 원하고 국민 모두가 공감할 수 있는 방향에서 이루어져야 할 것입니다.
첫째, 5.18 광주 민주화 운동의 정신을 기리고 그 명예를 높일 수 있는 사업을 적극 지원할 것입니다.
우선, 광주 시민과 온국민이 그날을 기념할 수 있도록 광주시에서 기념일을 먼저 제정하기를 희망합니다.
망월동 묘역은 민주성지로 가꾸어 나갈 수 있도록 묘역의 확장 등 필요한 지원을 다할 것입니다.
광주 시민과 전남 도민의 의사에 따라 현재 광주 시내에 있는 전남도청을 전남도 관내로 이전하고, 당시 민주화 운동의 현장이었던 현 도청 위치에 5.18 광주 민주화 운동 기념공원을 조성하고 기념탑을 세우는 방안을 적극 검토, 지원할 것입니다.
현재 상무대 부지의 일부를 광주시에 추가로 무상 사용케 함으로써 시민공원을 조성하도록 할 것입니다.
둘째, 광주 민주화 운동과 관련하여 아직까지 억울한 처지에 있는 분들을 위로하는 데 필요한 모든 노력과 지원을 다할 것입니다.
사망자와 행방 불명자 및 부상자 중에서 아직까지 법률에 의하여 보상을 받지 못한 분들을 위하여 추가 신고기회를 제공할 것입니다.
당시 연행, 구금되거나 유죄판결을 받아 사면ㆍ복권된 분들에 대하여 전과기록을 완전히 말소하고 지원방안을 강구하는 등 그분들이 이 나라의 민주화에 헌신한 만큼 떳떳하게 그 명예가 회복되도록 할 것입니다.
당시 부상을 당하신 분 중, 앞으로도 치료가 필요한 분들에 대해서는 계속적인 치료가 가능하도록 지원하겠습니다.
5.18 광주 민주화 운동과 관련하여 지명수배를 받은 분들에 대해서는 공식적으로 이를 해제하고 해직된 분들에 대한 복직 역시 적극 검토할 것입니다. 저는 우리의 법체계 안에서 가능하고, 형평의 원칙에 비추어 합리적인 모든 조치를 취해 나갈 것입니다.
친애하는 국민 여러분!
그리고 광주 시민 여러분!
저는 광주 민주화 운동에 대한 진상규명과 그 책임자 처벌을 요구하는 주장이 있다는 것을 잘 알고 있습니다. 그것을 위해 특별한 조치를 취해야 한다는 주장도 있다고 듣고 있습니다.
저는 그러한 주장이 있을 수 있다고 생각합니다.
저 역시 그 문제를 놓고 많은 고뇌를 거듭했습니다. 그러나 진상규명은 역사를 올바르게 바로잡고 정당한 평가를 받자는 데 그 목적이 있습니다. 결코 암울했던 시절의 치욕을 다시 들추어 내어 갈등을 재연하거나 누구를 벌하자는 것은 아닐 것입니다.
따라서, 지금 이 시점에서 중요한 것은 우리 국민 모두가 5.18 광주 민주화 운동의 명예를 높이 세우는 일입니다.
진상규명과 관련하여 미흡한 부분이 있다면 이는 훗날의 역사에 맡기는 것이 도리라고 믿습니다. 진실은 역사 속에서 반드시 밝혀지고 만다는 것이 저의 확신입니다.
이제, 마음과 갈등의 고리를 바로 우리 모두의 손으로 끊어야 한다고 생각합니다. 오늘에 다시 보부적 한풀이가 되어서는 안된다고 생각합니다.
우리 다같이 잊지는 말되 과감하게 용서함으로써 새롭게 화해하자고 말하고 싶습니다. 용서하는 것만큼 큰 용기는 없습니다.
그렇게 함으로써 우리 모두 13년 전의 악몽과 멍에로부터 자유로워집시다.
시대가 남겨준 앙금과 한을 홀홀 털고 일어나 ‘신한국 창조’의 저 넓고 큰길로 나섭시다.
광주 민주화 운동의 정신은 ‘신한국 창조’를 향한 참여와 창의의 열린 정신으로 승화되어야 합니다.
이미 ‘신한국 창조’를 향한 변화와 개혁에 광주 시민 여러분께서 기꺼이 동참과 지지를 아끼지 않고 계신 데 대하여 감사와 함께 경의를 표하는 것입니다.
저는 광주가 과거에 매달려 있는 도시가 아니라 그 이름처럼 빛을 비추이는 도시, 우리 조국의 미래를 열어 나가는 밝은 도시로 새롭게 태어날 수 있도록 저와 우리 정부가 할 수 있는 모든 지원과 노력을 다 할 것임을 거듭 말씀드립니다.
저는 국민 여러분께 약속한 대로, 동서의 화해와 정의로운 국민 내부의 화해를 이룩해 나가는 데 혼신의 노력을 다 기울이겠습니다.
변화와 개혁을 통해 신한국 창조의 기틀을 다져 놓고야 말겠습니다. 제2의 건국을 한다는 각오로 앞장서 뛰겠습니다.
저는 그것을 새롭게 일어선 광주 시민 여러분과 함께 해내고 싶습니다.
대통령인 저와 함께 힘을 합해 신한국을 창조합시다.
그리하여 우리의 후손들로 하여금, 대한민국에 태어난 것을 자랑과 긍지로 여길 수 있는 그런, 더불어 함께 바르게 잘사는 우리의 조국을 물려 줍시다.",,https://www.pa.go.kr/index.jsp,0,excluded,pre-ceremony special address (1993); genre heterogeneity
2,김영삼,총리(고건),1997,5.18,보수,"존경하는 광주시민 여러분과 국민 여러분.
그리고 5·18 희생자 유족 대표와 자리에 참석하신 각계 내빈 여러분.
오늘 우리는 17년전 5월, 이 땅의 민주화운동의 선두에 서서 자유와 정의 그리고 민주를 지키려 희생당하신 영령들의 자리에 함께하고 있습니다.
삼가 경건한 마음으로 5·18 민주 영령들 앞에 옷깃을 여미고 온 국민의 이름으로 명복을 빕니다.
아울러 17년이 지난 지금까지도 그날의 상처로 고통을 겪고 계신 부상자와 유가족 여러분, 그리고 광주시민 여러분께 마음으로부터 간절한 위로의 말씀을 드립니다.
돌이켜 보면, 5·18 민주화운동은 이 나라 민주주의를 지키기 위한 의로운 시민들의 결기이며 항쟁이었습니다.
어떠한 폭압에도 굴하지 않은 5·18 민주화운동의 정신은 지난 17년동안 수많은 국민들의 삶과 마음속에 계승되어 왔습니다.
그러나 5·18 민주화운동이 우리나라 헌정사에 제자리를 잡기까지에는 많은 진통을 겪어야 했습니다.
17년이 지난 지금에 이르러 비로소 국가의 법정기념일로 선포되고, 오늘 정부의 첫 공식행사로 5·18 민주화운동을 기념하게 된 데 대해 온 국민과 함께 깊은 감회를 갖지 않을 수 없습니다.
정부는 5·18 특별법을 제정함으로써 지난날 일부 세력의 헌정 중단 기도에 맞서 항거한 광주시민들의 명예회복에 나섰던 것입니다.
나아가 5·18 민주화운동을 우리나라 민주주의 발전의 살아있는 지표로 삼기 위해서 오늘을 국가적 기념일로 제정하였습니다.
이제 우리 국민 모두는 지난 1980년 5·18 민주화운동으로 인한 희생자와 피해자는 물론 광주시민들이 그동안 겪은 깊은 마음의 상처에 대해 심심한 위로를 드려야 하겠습니다.
존경하는 국민 여러분. 그리고 광주시민 여러분.
이제 더 이상 5·18은 원한의 시발점이 아니라 수많은 민주시민들의 이 땅의 민주화에 온몸으로 기여한 역사적 사실을 기리는 축복의 시작이 되어야 합니다.
물론 5·18의 실상을 직접 겪은 광주시민 여러분께서는 1980년 5월의 비극을 결코 잊을 수 없을 것입니다.
그러나 불행했던 과거에 언제까지 집착할 수만은 없습니다.
광주시민 여러분께서는 그동안의 맺힌 한을 이겨내는 능동적인 시민상을 이룩해 주시기를 기대해 마지 않습니다.
그리하여 5·18 민주화운동은 광주라는 지역의 한계를 벗어나 범국민적인 보편가치로 승화되어 모든 국민들 가슴속에 자리잡아야 합니다.
오늘의 5·18 제17주기를 계기로 이제 5월 18일은 우리나라 모든 국민들이 관용하고 화해하는 출발점이 되어야 할 것입니다.
그동안의 모든 미움과 갈등의 고리를 풀고 관용하고 용서하고 화해함으로써 모두가 하나가 되는 大統合을 이루어 새롭게 출발해야 한다고 저는 믿습니다.
'잊지는 말되 용서함으로써 새롭게 출발하자'는 관용과 화해의 정신이 아니고서는 그 무엇도 5·18 민주화운동의 진정한 계승에 도움이 되지 않을 것이라는 이 지역 원로의 말씀을 귀담아 들어야 하겠습니다.
우리 민족은 몇 천년동안 불교, 유교, 그리고 근대의 기독교 등의 신앙생활을 통해 자비와 사랑과 화해를 지향하는 삶을 살아왔습니다.
우리는 이제 5·18 민주화운동의 정신이 겨레의 가슴속에 영원히 살아 숨쉴 수 있는 길이 무엇인가를 다함께 생각해야 하겠습니다.
불의와 폭압에 항거했던 5·18정신을 영원한 자유와 정의 그리고 민주의 숭고한 가치로 후손들 모두가 가슴에 새겨나갈 수 있도록 하는 것이 우리가 5월 민주영령들의 고귀한 희생에 보답하는 길이라고 생각합니다.
오늘 5·18 민주화운동 17주기를 맞아 머리숙여서 조국의 민주 제단에 스스로를 바치신 영령들의 의로운 희생정신을 추념하면서, 영령들께서 안식을 누리시기를 충심으로 기원드립니다.
감사합니다.",,연설문집,1,included,
3,김대중,총리(김종필),1998,5.18,진보,"경애하는 국민 여러분, 5·18 희생자 유가족과 부상자 여러분, 그리고 광주시민 여러분, 자리를 함께 하신 각계 내빈 여러분.

오늘은 5·18 민주화운동 열여덟 해가 되는 날입니다.
더욱이 오늘은 5월 정신을 바탕으로 한 국민의 정부가 탄생한 뒤 처음 맞는 기념일로서, 그 의미가 더욱 크고 깊다고 하겠습니다.

5월 광주의 민주영령들께서 잠들어 계신 이 곳에서 새 정부와 온 국민의 추모 속에, 가신 영령들의 숭고한 넋을 기리게 되어서 참으로 감회가 새롭습니다.
18년 전 5월, 이 땅의 자유와 정의 그리고 민주를 지키기 위해 목숨을 바치신 민주영령들께서 평안하게 명복을 누리시기를 삼가 머리 숙여 빕니다.

아울러 오늘까지도 그 날의 상처로 말할 수 없는 고통을 겪고 계신 부상자와 유가족 여러분, 그리고 광주시민 여러분께서는 마음의 위로를 받으시기를 바랍니다.
돌이켜보면 5·18 민주화운동은 이 땅의 민주주의를 지키기 위해 폭압과 폭력에 항거하여 분연히 일어선 의로운 시민들의 항쟁이었습니다.

5·18 민주화운동은 애국시민들의 뜨거운 민주열정을 불러일으킨 거대한 활화산이 되어, 언제까지나 이 나라 민주발전의 고귀한 밑거름이 될 것이라고 믿습니다.

지난해 비로소 5월 18일이 국가기념일로 제정됨으로써 5·18 민주영령의 해원아 가능하게 되고, 광주시민의 명예회복도 이루어지게 되었습니다.

이제 5월 민주영령들은 이 나라 민주주의의 화신으로, 또 이 땅의 자유와 정의를 지키는 수호신으로 되살아나고 있다고 믿습니다.
우리는 어떠한 폭압에도 굴하지 않은 5·18 민주화운동의 정신을 우리 역사와 민족의 삶 속에 소중히 간직하여, 영원히 이 나라 이 겨레의 자유와 민주를 지키는 등불로 삼아 나가야 할 것입니다.

경애하는 국민 여러분, 그리고 광주시민 여러분. 이제 5·18 민주화운동은 더 이상 광주의 것만은 아닙니다. 5·18 민주화운동은 쉼없이 지속해 온 이 땅의 민주화 역정 가운데 우뚝 선 봉우리로서, 모든 지역 모든 국민의 가슴에 깊이 간직되고 있습니다.

나아가 5·18의 정신은 세계 모든 민주세력이 우러러 지향하는 민주주의운동과 인권사회운동의 상징이 되고 있습니다.
5·18 민주화운동 18주년을 맞아 광주시민 여러분께서 펼치고 계신 ‘인권과 평화, 화합의 미래로’라는 주제처럼, 이제 5·18은 우리나라를 넘어 세계의 평화와 화합된 미래를 여는 새로운 출발점이 될 것이라고 굳게 믿습니다.

경애하는 국민 여러분.
우리는 지금 국가적 위기를 맞아 온 국민이 시련과 고통을 함께 겪고 있습니다.
이러한 때, 국민 모두는 이 나라를 위해 스스로를 던지신 5·18 민주영령들의 희생을 가슴깊이 새기면서, 오늘의 국가적 위기를 이겨내려는 결의를 굳게 다져야 하겠습니다.

나라를 위해 자신의 작은 것을 버리고 다 함께 고통의 멍에를 나누는 것이 곧 5·18 민주영령들께서 오늘의 우리에게 바라는 바일 것이라고 믿습니다. 80년 5월, 그 날의 의미를 되새긴다면 우리는 어떠한 어려움도 반드시 극복해 나갈 수 있으리라 확신합니다.

5·18 정신이 민주발전의 초석이 되고 국난극복의 원동력으로 승화되어 나갈 수 있도록 우리 모두 온 힘을 다해야 하겠습니다.

5·18 민주화운동 18주년을 맞아 조국의 민주 제단에 목숨을 바치신 영령들의 명복을 다시 한 번 빌면서, 오늘의 이 자리가 국민 모두가 국가발전의 의지를 다지는 뜻깊은 계기가 되기를 염원합니다.

감사합니다.",,연설문집,1,included,
4,김대중,총리(김종필),1999,5.18,진보,"경애하는 국민 여러분, 5·18 희생자 유가족과 부상자 여러분, 광주시민 여러분, 그리고 자리를 함께 하신 귀빈 여러분.

오늘 우리는 5·18 19주년을 맞아 5월의 민주영령들께서 잠들어 계신 이곳에 자리를 함께 하고 있습니다.
19년 전, 불의와 폭압에 맞서 이 땅의 자유와 정의, 그리고 민주를 지키려다 목숨을 바치신 영령들 앞에 삼가 머리 숙여 명복을 빕니다.

그리고 오늘까지도 그 날의 아픔과 상처로 고통을 겪고 계신 부상자와 유가족 여러분께도 간절한 위로의 말씀을 드립니다.
지금 우리는 19년 전 오늘, 스러져 가는 자유민주주의의 불꽃을 되살리기 위해 전남도청 앞과 금남로를 가득 메웠던 민주 시민들의 외침소리를 상기하면서 다시 가슴이 벅차 오르는 듯 합니다.

돌이켜보면, 5·18 민주화운동은 폭력과 억압으로부터 자유와 민주주의를 지키기 위해 분연히 일어섰던 의로운 시민들의 항쟁이었습니다.

실로 5·18 민주화운동은 우리나라 민주화 여정에 우뚝 선 봉우리로서, 앞으로도 영원히 꺼지지 않는 민주주의의 횃불이 되리라 믿습니다.
새로운 2천년대가 시작되는 내년이면 5·18 민주화운동은 20주년을 맞게 됩니다.

그동안 우리는 5·18 민주화운동 특별법을 제정하고, 5월 18일을 국가기념일로 지정해서 광주시민들의 명예를 회복했습니다만, 아직도 풀어야 할 과제가 많이 남아 있습니다.

정부는 5·18 민주화운동을 우리 민주주의 발전의 살아 있는 지표로 자리매김하기 위해 온갖 정성을 다해오고 계신 여러분의 노력이 알찬 결실을 맺을 수 있도록 가능한 모든 지원을 다할 것입니다.

나아가 5·18 민주화운동을 광주의 것만이 아니라 자유와 정의를 사랑하는 세계 모든 민주시민들이 우러러 지향해야 할 민주주의 운동의 상징으로 승화시켜 나가는 데도 힘을 모을 것입니다.

이제 우리 국민 모두는 5·18 민주화운동의 정신을 가슴깊이 간직하고 새로운 21세기를 희망의 시대로 열어 나가려는 결의를 굳게 해야 하겠습니다.

5·18 정신이 겨레의 가슴속에 영원히 살아 숨쉬면서 민주주의 발전의 초석이 되고 국난극복의 원동력이 될 수 있도록 우리 모두 온 정성을 다해야 하겠습니다.

최근 5·18 부상자 여러분께서 군부대를 방문해서, 장병들과 화해의 악수를 나누는 모습을 보고 국민들은 모두 감격해 했습니다.
우리는 그 동안의 갈등의 고리를 끊고 국민 모두가 하나가 되어서 대화해를 이룩한 가운데 미래를 향해 출발해야 할 것입니다.

이것이야말로 목숨을 바쳐 이 나라의 자유와 민주를 지켜내신 5·18 민주영령들의 고귀한 희생을 더욱 값지게 하는 길이라고 믿습니다.
그 어려운 상황 속에서도 나라를 위해 떨쳐 일어섰던 19년 전의 5·18 정신을 되새긴다면 우리는 어떠한 난관도 극복해낼 수 있으리라고 기대합니다.

오늘 5·18 민주화운동 19주년을 맞아 다시 한 번 조국의 민주제단에 목숨을 바치신 영령들의 명복을 빌면서, 영령들께서 안식을 누리시기를 삼가 기원드립니다.

감사합니다.",,연설문집,1,included,
5,김대중,김대중,2000,5.18,진보,"존경하고 사랑하는 광주시민과 국민 여러분!

5.18 유가족과 부상자, 그리고 이 자리에 참석하신 내빈 여러분!

저는 오늘 참으로 만감이 교차하는 감회 속에 이 자리에 섰습니다. 20년전 오늘 민주주의 수호를 위해 고귀한 생명을 불사른 민주영령 앞에 이제 저는 대한민국 대통령으로서 서 있습니다. 이름만 불러도 가슴이 저미는 충장로와 금남로, 그리고 전라남도 도청에서 빛도 없이 쓰러져간 수많은 민주주의의 영웅들을 생각할 때마다 저는 한없는 슬픔과 감동, 그리고 새로운 각오를 갖게 됩니다.

존경하는 광주시민과 전남도민 여러분,

그리고 국민 여러분!

제가 광주의 비극을 처음 알게 된 것은 5.18 항쟁이 일어난 지 40여일이 지나서 였습니다.

5.18 하루 전 군사정권에 연행되어 40여일 동안 모진 박해를 받던 중 당시 군부의 실력자 한사람이 전해준 묵은 신문을 보고서야 비로소 광주에서 있었던 천인공노할 참상을 알게 되었던 것입니다.

감당할 수 없는 충격과 슬픔으로 정신을 잃었다 깨어난 후 저는 아무것도 할 수 없다는 무력감 속에 피눈물을 흘려야 했습니다. 저 역시 언제 죽을지 모르는 상황이었지만, 그러한 제 처지보다 가신 임들과 그 유가족이나 광주시민들을 위해서 지금 당장 아무런 일도 할 수 없다는 사실이 저를 더욱 괴롭게 했습니다.

저는 그 때 결심했습니다. 가신 임들을 위해서, 그리고 이 나라 민주주의를 위해서 내가 할 수 있는 일은 그분들의 뒤를 따라 정의롭게 죽는 것 뿐이라고 생각했습니다. 그것만이 민주영령과 국민, 그리고 역사 앞에 영원히 사는 길이라고 결심했습니다. 그래서 저는 자신들에게 협력하기만 하면 대통령을 빼놓고는 어떠한 직책이라도 주겠다는 군부의 제의를 단호히 거절했습니다. 그리하여 저는 사형선고의 확정판결을 받게 되었던 것입니다.

그후 20년이 지났습니다. 가신 임들의 고귀한 희생은 결코 헛되지 않았습니다. 임들이 스스로의 몸으로 불살랐던 민주화의 불꽃은 그 후 암흑같은 독재의 치하에서도 꺼지지 않고 불타올랐습니다. 줄기찬 민주화의 불길은 87년 6월 전국적인 시민항쟁으로 번져나갔고, 마침내 97년 12월 헌정사상 최초의 여야간 정권교체를 이루는 민주주의의 커다란 성취로 이어졌던 것입니다. 위대한 광주의 정신이 살아서 승리한 것입니다.

그에 따라 '폭도'로 몰렸던 그날의 광주시민은 이제 민주주의의 위대한 수호자로서 전 세계인의 추앙을 받고 있습니다. 또한 무도한 총칼 아래 짓밟혔던 광주는 이제 민주주의의 성지로서 역사 속에 우뚝 솟아 있습니다.

오늘 5.18 민주화운동 20주년을 맞아 저는 이 나라 민주제단에 몸을 던져 산화하신 임들의 고귀한 영전에 다시한번 뜨거운 추모를 올리면서 삼가 명복을 빌어마지 않습니다.

또한 오늘 이 순간까지 그날의 상처로 슬픔과 고통을 겪고 계신 유가족과 부상자 여러분에게도 충심으로 위로의 말씀을 드립니다.

아울러 광주시민 여러분에게 다시한번 큰 감사와 찬양을 드리는 바입니다.

광주시민 여러분, 그리고 이 자리에 참석하신 여러분!

5.18의 광주는 우리에게 위대한 교훈을 남겨 주었습니다. 그날의 광주는 세계의 모든 시민에게 자유와 평화, 인권과 민주주의의 소중한 가치를 일깨우는 드높은 표상이 되고 있습니다.

5.18에서 우리가 보았던 첫 번째 정신은 인권정신이었습니다. 불의한 권력의 무자비한 폭력에 맞서서 광주는 인간의 소중한 권리를 지키고자 싸웠습니다. 인권이 침해되고 고귀한 생명이 짓밟히는 것을 보면서 광주시민은 하나로 일어나 분노하고 저항했습니다. 자유와 민주, 그리고 인권을 수호하려는 거룩한 뜻이 거기에 있었던 것입니다.

둘째는 비폭력의 정신이었습니다. 광주시민은 맨손으로 잔혹한 총칼에 맞섰습니다. 자유와 정의와 민주주의의 깃발 아래 온몸을 던져 자신을 희생했던 것입니다. 무기를 손에 넣고도 결코 이를 사용해서 누구에게도 살상을 가하지 않았습니다. 철저한 비폭력의 정신이었던 것입니다.

셋째는 성숙한 시민정신이었습니다. 공권력의 공백 속에서도 광주에는 단 한건의 약탈이나 방화도 없었습니다. 그 어떤 혼란이나 무질서도 없었습니다. 시민 모두가 동지애와 높은 질서의식을 가지고 서로를 보살피고 치안을 지켰습니다. 이것은 세계에서도 유례없는 일입니다.

넷째는 평화의 정신이었습니다. 시민자치가 이루어진 열흘동안 어떠한 보복도 없었으며, 광주시민들은 진압군 측과 대화를 시도하는 등 항쟁의 평화적 해결을 위해 부단히 노력했습니다.

존경하는 광주시민 여러분, 그리고 이 자리에 계신 여러분!

이러한 광주의 위대한 정신은 우리만의 자랑이 아니라 인권과 민주주의라는 인류보편의 가치를 믿고 숭상하는 전 세계인의 자랑인 것입니다. 광주시민의 행동이야말로 인간이 극한 상황에서도 얼마나 위대한 선택을 할 수 있는지를 보여준 인간승리의 대서사시였기 때문입니다.

이제 우리는 5.18 광주항쟁이 구현한 고귀한 뜻과 정신이 영원히 살아 숨쉬도록 해야 합니다. 지나간 과거가 아니라 언제나 현재로서 뜨겁게 불타오르도록 해야 합니다. 그럼으로써 인간의 존엄성과 민주주의의 소중한 가치가 더욱 확고히 지켜지고 발전돼 나갈 수 있도록 해야 합니다.

특히 지금 이 시간에도 세계 곳곳에서는 아직도 인권과 민주주의 수호를 위한 힘겨운 투쟁이 전개되고 있습니다. 5.18의 광주가 그러한 의로운 투쟁에 용기와 희망을 북돋아 주는 힘찬 격려의 함성이 되어야 하겠습니다.

그런 점에서 저는 광주시민과 5.18 기념행사위원회가 다양한 국제적 교류를 통해 5.18의 역사적 의의와 공헌을 재조명하고, 전 세계 민주시민과의 연대와 협력을 다지고 있는 것을 매우 뜻깊고 바람직하게 생각하는 바입니다.

정부는 5.18 항쟁의 고귀한 정신과 값진 헌신이 역사 속에 영원히 기억되고 크게 선양될 수 있도록 최선의 노력을 다할 것입니다.

특별법을 조속히 제정하겠습니다. 그에 따라 『광주민주화운동 관련자 보상 등에 관한 법률』에 의해 보상을 받았거나 앞으로 받게될 모든 5.18 희생자들을 '민주화 유공자'로 예우하고, 5.18 묘역을 국립묘지로 승격시킬 것입니다.

이와 함께 각종 기념사업을 실시하여 5.18 민주화운동에 참여했던 분들의 명예와 자긍심을 높이고, 5.18의 숭고한 정신을 길이 계승, 발전시켜 나갈 것입니다.

광주시민을 비롯한 국민 여러분,

그리고 이 자리에 계신 내빈 여러분!

이 땅에 살고 있는 사람들 중 그 어느 누가 그날의 광주에 빚지지 않은 사람이 있겠습니까, 이제는 우리가 살아남은 사람들로서의 의무를 다해야 할 때입니다.

무엇보다 우리는 광주항쟁의 정신을 받들어 인권을 더욱 신장시키고 민주주의를 완성하는데 노력을 다해야 하겠습니다.

그동안 '국민의 정부'는 여성과 노동자의 권익을 크게 향상시키는 등 인권 신장을 위해 각별한 노력을 기울여 왔습니다. 언론의 자유와 집회, 시위, 파업의 자유가 보장되고 있습니다. 시민운동도 크게 활성화되고 있습니다.

앞으로도 정부는 인권법을 조속히 제정하고 인권위원회를 설치하여 세계에서 모범이 되는 인권 선진국가를 건설해 갈 것입니다. 그리하여 국민이 나라의 주인으로서 국정에 참여하는 참여 민주주의를 더욱 내실있게 발전시켜 나갈 것입니다.

또한 우리는 살기좋은 나라를 염원하던 5.18 광주시민의 뜻을 받들어 경제적 번영과 21세기를 향한 도약을 이룩해야 합니다. 경제개혁을 철저하게 추진해서 어떠한 위기에도 흔들리지 않는 강한 경제를 만들어야 합니다. 지식정보화 시대에 앞서갈 수 있는 정보강국을 건설하는데 혼신의 노력을 다해야 합니다.

생산적 복지를 강화해서 모든 국민이 공동체적 연대 속에 더불어 잘 살아갈 수 있는 정의롭고 복된 사회를 만들어야 합니다.

화해와 대화합의 시대를 열어가야 합니다. 그것이야말로 가신 임들의 고귀한 뜻을 받드는 길입니다. 5.18 광주정신을 완성하는 길인 것입니다.

광주민주화운동 20주년이 되는 오늘을 기해서 이제 지역간, 계층간의 모든 분열과 대립을 종식시켜야 하겠습니다. 특히 망국적인 지역감정의 사슬을 단호히 끊고 화합과 협력의 새 시대로 힘차게 나아가야 하겠습니다.

나아가서 우리는 남북이 평화의 토대 위에서 서로 협력하고 공존공영하는 민족의 대화합을 이룩해야 합니다. 이제 불과 20여일 후면 분단 55년만에 최초의 남북정상회담이 열리게 됩니다. 불신과 적대로 점철됐던 지금까지의 남북관계를 생각할 때 남북 정상간의 만남은 그 자체만으로도 획기적인 역사의 진전이 아닐 수 없습니다.

우리는 이번 회담이 민족사의 물줄기를 신뢰와 화합으로 돌려놓는 커다란 분수령이 되도록 노력해야 하겠습니다. 민족의 장래를 크게 열어가는 이 일에 온 국민이 하나가 되어야 하겠습니다. 그것이야말로 5.18 민주영령들의 값진 희생에 보답하고 후손들에게 자랑스러운 조상이 되는 길이라는 것을 저는 확신해 마지 않습니다.

존경하고 사랑하는 광주시민 여러분,

그리고 이 자리에 참석하신 내빈 여러분!

5.18은 우리 가슴 속에 영원히 살아 있을 것입니다. 우리 모두에게 민주주의의 앞길을 밝히는 불멸의 횃불이 될 것입니다. 또한 민족을 번영과 통일로 이끄는 선도자가 될 것입니다.

오늘의 이 뜻깊은 기념식이 우리 모두에게 엄숙한 결의와 다짐의 장이 되도록 합시다. 민주주의 발전과 국가의 도약, 그리고 국민과 민족의 대화합을 향해 힘차게 전진하는 출발점이 되도록 합시다. 저는 그 대열의 선두에서 여러분과 함께 혼신의 노력을 다할 것입니다.

다시 한번 5.18 민주영령들의 명복을 빌면서 유가족과 부상자에게 위로를 드립니다. 그리고 모든 광주시민에게 영광과 감사를 드리는 바입니다.

감사합니다.",,https://www.pa.go.kr/index.jsp,0,included,
6,김대중,총리(이한동),2001,5.18,진보,"존경하는 국민 여러분, 5·18유가족과 부상자 여러분, 광주시민 여러분, 그리고 이 자리에 참석하신 내빈 여러분!

오늘 우리는 5·18민주화운동 21주년을 맞아, 5월의 민주영령들께서 잠들어 계신 이곳 5·18묘지에서 자리를 함께 하고 있습니다.
21년전, 불의와 폭압에 맞서 이 땅의 자유와 정의를 지키기 위해 온몸으로 항거하다 산화하신 민주영령들 앞에 온 국민과 더불어 삼가 머리 숙여 명복을 빕니다.

그리고 오늘에 이르기까지 그날의 아픔과 상처로 고통을 겪고 계신 유가족과 부상자 여러분, 그리고 광주시민과 전남도민 여러분께도 충심으로 위로의 말씀을 드립니다.
돌이켜보면, 5·18민주화운동은 부당한 압제에 짓밟힌 민주주의와 인권, 그리고 자유를 지키기 위해 일어섰던 의로운 시민들의 항쟁이었습니다.
지금도 귀를 기울이면 21년전 전남도청 앞과 금남로를 가득 메운 시민들의 함성소리가 들려오는 듯 합니다.

실로 5·18민주화운동은 이 땅의 자유민주주의를 되살리기 위해 분연히 결기한 반독재 민주투쟁으로서 우리 민주화 여정에 우뚝선 봉우리가 되고 있다고 믿습니다.

존경하는 광주시민 여러분, 그리고 유가족과 부상자 여러분!
그동안 우리는 '5·18민주화운동 특별법'을 제정하고 5월 18일을 국가기념일로 지정해서 그 정신을 기려오고 있습니다.
정부는 앞으로도 5·18민주화운동이 국민 모두에게 민주주의와 인권의 소중한 가치를 일깨우는 살아있는 지표로 길이 계승될 수 있도록 최선의 노력을 계속해 나갈 것입니다.

또한, 광주시민과 희생자들의 고귀한 정신이 역사 속에 영원히 살아 숨쉬고 세계 속에 크게 선양될 수 있도록 하는 데에도 힘을 모을 것입니다.

지금 국회에서는 '민주유공자 예우에 관한 법률' 제정을 서두르고 있으며, 정부도 국회의 대표기관인 국회가 민의에 따라 이 법을 조속히 제정하리라고 믿습니다.
따라서, 이 법률이 시행되면 광주 민주화운동 관련자 여러분께서는 민주유공자로 지정되어 본인은 물론 유가족들도 교육·취업·의료·대부·양육 등 여러 분야에서 정부의 지원을 받으실 수 있게 될 것입니다.

또한 광주시민 여러분의 오랜 숙원인 5·18묘지의 국립묘지 승격과 각종 기념 추모사업도 더욱 활발히 진행될 수 있을 것으로 믿습니다.

우리 국민 모두는 언제까지나 5·18정신을 민족화합과 통일을 밝히는 꺼지지 않는 등불로 가슴에 간직하면서, 인류사회의 모범이 되는 민주인권국가를 구현해 나가는 정신적 지주로 삼아 나가야 하겠습니다.

올해 5·18민주화운동 기념제의 주제인 '5월은 한마음, 통일로 한걸음'이라는 표현처럼, 5·18정신이 평화·인권·통일로 승화되어 겨레의 새로운 이정표가 되기를 기대해 마지않습니다.

존경하는 국민 여러분!
새로운 21세기를 맞이하여 우리는 사회내부의 모든 갈등과 분열을 극복하고, 화해와 협력을 바탕으로 새로운 통일시대를 열어나가야 할 중차대한 과제 앞에 서 있습니다.

지역간·계층간의 대립과 분열을 종식시키고, 모든 국민이 더불어 잘 사는 정의롭고 복된 사회를 이루어가기 위해서 함께 힘과 지혜를 모아야 할 때입니다.

이것이야말로 목숨을 바쳐 이 나라의 인권과 자유민주주의를 지켜내신 5·18민주영령들의 고귀한 희생에 보답하는 길이라고 확신합니다.

오늘 새 세기들어 처음 맞이하는 5·18민주화운동 21주년이 민족의 대화합을 향해 힘차게 전진하는 소중한 출발점이 되기를 간절히 소망해 마지않습니다.

다시 한 번 조국의 민주제단에 목숨을 바치신 민주영령들의 의로운 희생을 기리면서, 영령들께서 영원한 안식과 평화를 누리시기를 삼가 기원드립니다.

감사합니다.",,연설문집,1,included,
7,김대중,총리(이한동),2002,5.18,진보,"존경하는 광주시민 여러분과 국민 여러분, 5·18 유가족과 부상자 여러분, 그리고 이 자리에 참석하신 내빈 여러분!

오늘 우리는 5·18민주화운동 22주년이 되는 뜻깊은 날을 맞아, 5월의 민주영령들께서 잠들어 계신 이곳 5·18국립묘지에서 함께 자리를 하고 있습니다.
이 땅의 자유와 정의를 지키고 민주주의를 수호하기 위해서 분연히 일어나 온몸으로 항거하다 의롭게 산화하신 민주영령들 앞에 온 국민과 더불어 삼가 머리 숙여 명복을 빕니다.

아울러 지금 이 시각까지도 그 날의 아픔과 상처로 고통을 겪고 계신 유가족과 부상자 여러분, 그리고 광주시민과 전남도민 여러분께도 깊은 위로의 말씀을 드립니다.
매년 5월이 오면, 22년전 오늘 전남도청과 금남로를 가득 메우고 민주주의와 인권, 자유를 외쳤던 시민들의 함성이 우리 모두의 가슴속에 다시 생생하게 메아리쳐 오는 듯 합니다.

실로 5·18민주화운동은 우리나라 민주화의 역사에 커다란 획을 그은 의로운 시민들의 민주항쟁이었습니다.
나아가 5·18운동은 우리 한국인은 물론 세계의 자유시민들에게 민주주의와 인권의 소중한 가치를 일깨우는 정신적 지표가 되어 왔다고 믿습니다.

존경하는 광주시민 여러분, 그리고 유가족과 부상자 여러분!
이제 5·18민주화운동 22주년을 맞이한 우리는 5·18정신이 후대에까지 영원히 살아 숨쉬는 역사로서 계승·발전되고, 또 세계에 널리 선양될 수 있도록 하는 데 힘과 정성을 모아야 하겠습니다.

정부는 5·18민주화운동을 국가적으로 기념하기 위하여 97년부터 오늘을 정부기념일로 지정하였으며, 관련단체 등과 협조하여 5·18정신 선양사업을 전개해 왔습니다.
지난해 12월에는 '광주민주유공자 예우에 관한 법률'이 제정됨으로써 이제는 광주민주화운동 관련자들이 명실공히 국가유공자로서 예우를 받게 되었습니다.

또한 관련자들은 물론 유가족들도 정부로부터 교육·취업·의료 등 각종 지원을 받을 수 있게 되었습니다.
아울러 이곳 5·18묘지도 국립묘지로 승격됨으로써 광주시민들의 오랜 소망이 이루어지게 되었습니다.

정부는 앞으로도 5·18민주화운동이 국민 모두에게 민주주의와 인권의 소중한 가치를 일깨우는 살아있는 지표로 길이 계승될 수 있도록 최선의 노력을 계속해 나갈 것을 다짐합니다.

국민 모두는 5·18정신을 민족화합과 통일을 밝히는 영원한 등불로 가슴에 간직하면서, 인류사회의 모범이 되는 민주국가를 구현해 나가는 정신적 지주로 삼아 나가야 하리라고 굳게 믿습니다.

이러한 노력을 통하여 5·18민주영령들의 숭고한 희생과 나라사랑이 국민정신으로 승화되어 이 땅에 언제까지나 정의롭고 복된 나라를 이루어 나가는 기반이 되기를 염원해마지 않습니다.

존경하는 국민 여러분!
이제 불과 10여일 후면 전세계인의 스포츠 축제인 월드컵 축구대회가 우리나라에서 열리게 됩니다.
월드컵 기간동안 32만명의 관광객이 우리나라를 찾아오고 연 6백억명의 세계인이 한국의 구석구석과 우리의 모습 하나하나를 지켜보게 될 것입니다.

우리는 이번 월드컵을 대회사상 가장 안전하고 완벽하게 치러내야 하겠습니다.
또한 우리의 자랑스런 고유문화와 선진화된 과학기술, 그리고 우리 국민의 높은 문화의식수준을 세계에 보여주는 값진 기회로 삼아야 하겠습니다.

이러한 국민 모두의 의지와 노력이 하나로 모아진다면, 월드컵은 21세기 우리의 국운융성을 이루어 나가는 뜻깊은 도약대가 될 수 있으리라고 확신합니다.

나아가 이러한 노력만이 오늘을 사는 우리가 조국과 민족을 위해 모든 것을 바치신 민주영령들의 숭고한 희생에 보답하는 길이라고 굳게 믿습니다.

오늘 제22주년을 맞는 5·18민주화운동 기념일이 온 국민이 하나가 되어 세계일류국가를 향해 힘차게 나아가는 소중한 출발점이 되기를 간절히 소망해 마지않습니다.

다시 한 번 온 국민의 이름으로, 조국의 민주제단에 고귀한 목숨을 바치신 5월의 민주영령들을 기리면서, 영령들께서 영원한 안식과 평화를 누리시기를 삼가 기원합니다.",,연설문집,1,included,
8,노무현,노무현,2003,5.18,진보,"존경하는 국민 여러분,

그리고 광주시민과 전남도민 여러분,

오늘 광주민주화운동 23주년을 맞아 이 땅의 민주화를 위해 희생하신 5.18 영령들 앞에 머리 숙여 감사드리면서 삼가 명복을 빕니다.

그날의 아픈 상처로 지금까지도 슬픔과 고통을 겪고 계시는 유가족과 부상자 여러분께 충심으로 위로의 말씀을 드립니다. 아울러 큰 아픔을 딛고 일어서 새로운 역사의 장을 열어 오신 광주시민과 전남도민 여러분께 마음으로부터 존경의 말씀을 드리는 바입니다.

광주민주화운동은 우리 역사, 아니 세계의 민주주의 역사에 지울 수 없는 큰 발자취를 남겼습니다. 무엇보다 '정의는 반드시 승리한다.'는 역사의 교훈을 남겨주었습니다. 1980년 당시 자유와 민주주의를 외치던 광주의 함성은 정부와 언론에 의해 불순분자의 난동으로 왜곡되기도 했습니다. 자유와 정의, 인권을 부르짖은 시민들은 폭도로 매도되었습니다. 정의와 양심의 분노가 군부의 총칼 앞에 무참히 짓밟혔던 것입니다.

그러나 지금 5.18 광주는 '승리의 역사'로 부활되어 있습니다. 5.18 광주에서 시작된 민주화의 뜨거운 열기는 87년 6월 항쟁으로 이어져 마침내 평화적 정권교체를 이룩하는 토대가 되었고, 마침내 오늘의 참여정부를 탄생시켰습니다. 참여정부는 바로 5.18 광주의 숭고한 희생이 만들어낸 정부입니다.

존경하는 국민 여러분,

참여정부는 5.18 광주의 위대한 정신을 계승할 것입니다. 그리하여 '개혁과 통합'의 새로운 시대를 열어갈 것입니다. 참여정부의 국정목표인 '국민과 함께하는 민주주의', '더불어 사는 균형발전사회', '평화와 번영의 동북아시대'를 실현함으로써 광주민주화운동을 최종적으로 완성시켜 나갈 것입니다.

지금 우리 앞에는 수많은 개혁과제들이 있습니다. 사회 각 분야에서 원칙과 신뢰를 바로 세우고 대화와 타협의 문화를 뿌리내려야 합니다. 투명하고 공정한 시스템을 정착시키고 지방분권과 지역균형발전을 이루는 것도 숙제입니다. 무엇보다도 국민이 진정한 주인으로 대접받는 정치와 행정이 되어야 합니다. 그래서 정직하게 땀흘려 노력하는 사람들이 성공하는 사회, 정의가 승리하는 역사를 만들어가야 하겠습니다.

우리 모두가 힘을 한 데 모아야 할 때입니다. 내부 분열로 시간과 국력을 낭비해서는 희망이 없습니다. 대립과 투쟁에서 대화와 협력으로, 집중과 통제에서 분권과 자율로, 소외와 차별에서 참여와 공존으로 나아가야 합니다.

참여정부의 국정원리인 '원칙과 신뢰', '공정과 투명', '대화와 타협', '자율과 분권'이 궁극적으로 지향하는 바는 바로 국민통합입니다. 국민통합은 참여정부가 반드시 이루어내야 할 역사적 소명입니다.

우리 함께 손잡고 나아갑시다. 개혁과 통합으로 새로운 대한민국, 희망찬 시대를 열어갑시다. 이 곳 5.18 국립묘지에 잠들어 계신 애국영령들이 우리를 지켜주시고 인도해 주실 것입니다.

감사합니다.",,https://www.pa.go.kr/index.jsp,0,included,
9,노무현,노무현,2004,5.18,진보,"존경하는 국민 여러분,

광주시민과 전남도민 여러분,

우리는 오늘, 24년 전 5.18민주화운동의 참뜻을 기리기 위해서 이 자리에 모였습니다. 자유와 정의, 민주주의라는 결코 포기할 수 없는 가치를 위해서 고귀한 목숨을 바치신 5.18영령들 앞에 머리 숙여 삼가 명복을 빕니다. 그 날의 상처로 오늘 이 순간까지 슬픔과 고통을 겪고 계신 유가족과 부상자 여러분께 충심으로 위로의 말씀을 드립니다.

광주의 용기와 희생은 결코 헛되지 않았습니다. 5.18광주에서 시작된 민주화의 불꽃은 1987년 6월항쟁을 거쳐 평화적 정권교체를 이뤄내고, 마침내 시민참여혁명을 통해서 참여민주주의 시대를 열어 가고 있습니다. 1980년 광주의 함성은 가슴 아픈 기억인 동시에 가슴 벅찬 승리의 노래가 되었습니다. 그 때의 광주를 생각하면 지금도 우리의 가슴은 뜨거워집니다.

불의한 권력의 무자비한 폭력에 맞서 분연히 떨쳐 일어섰던 위대한 광주시민과 전남도민 여러분께 한없는 감사와 존경의 말씀을 올립니다.

존경하는 광주시민과 전남도민 여러분,

이제 광주는 민주주의의 성지로서 숭고한 빛을 발하고 있습니다. 5.18당시, 여러분은 참으로 놀라운 용기와 절제력으로 분노와 두려움을 승화시켜 민주주의 시민상을 구현해냈습니다. 아니, 이를 뛰어넘어서 도덕적 시민의 모범을 보여 주셨습니다. 너와 내가 따로 없이 다 함께 부상자를 치료하고 아픔과 어려움을 함께 나누었습니다. 여러분 모두가 주인의식을 갖고 스스로 치안을 유지하고 질서를 지켜냈습니다. 진정한 민주주의가 무엇인지, 그 누가 어떤 사람이 민주주의를 외칠 자격이 있는지를 온 몸으로 보여주셨습니다.

지난 3월, 저는 전국의 밤을 환하게 밝혔던 촛불시위를 TV를 통해 지켜보았습니다. 선진 민주국가에서도 찾아보기 힘든 평화적이고 질서정연한 모습은 제게 크나큰 감동을 주었습니다. 이 일이 어떻게 가능했겠습니까, 그것은 바로 5.18광주가 있었기 때문입니다. 불의를 용납하지 않되 민주적인 행동 또한 포기하지 않았던 5.18광주의 자랑스런 전통이 우리 국민의 가슴속에 살아 숨쉬고 있음을 확인할 수 있었습니다.

국민 여러분,

5.18은 독재에 대한 시민의 저항이기도 했지만, 한편으로는 과거 군사독재 정권들이 장기집권을 위해서 또는 장기집권의 결과로서 호남을 따돌리고, 국민을 지역으로 가르고 이간질해서 분열시켰던 반역적 범죄행위에 대한 저항이기도 했습니다. 그리고 이것은 정당한 것이었습니다.

인류 역사를 돌이켜 보면, 많은 나라가 외부의 적이 아니라 내부의 분열로 멸망했습니다. 지난날 우리의 역사도 그랬거니와 지금도 분열로 인한 고통과 위험에서 헤어나지 못하고 있습니다. 이 점에서 아직까지도 5.18은 완성되지 않았습니다.

저는 분열을 극복하는 일이야말로 우리에게 맡겨진 가장 중요한 과제라고 생각합니다. 다행히 지난 총선을 통해서 이러한 분열구도가 약간은 무너지는 것 같습니다. 우리는 지금 새로운 정치의 희망을 보고 있습니다. 이 새로운 희망의 싹을 반드시 살려 나가야 합니다.

화합과 상생의 시대를 열어야 합니다. 서로를 존중하며, 대화와 타협의 문화를 만들어 나가야 합니다. 규칙을 존중하고 결과에 승복하는 민주주의 문화를 정착시켜 나가야 합니다. 그리하여 온 국민이 하나가 될 때 5, 18광주정신은 완성이 될 것입니다.

그러자면 억압하고 배제하고 일방통행하던 권위주의 시대의 낡은 생각과 습관을 버려야 합니다. 그 시절의 기득권도 향수도 이제는 버려야 합니다. 고통과 분노, 증오와 원한도 이제 뛰어넘어야 합니다. 용서하고 화해해서 하나가 됩시다. 이를 위해 진심으로 사과하고 용서를 구하고 고통과 상처가 영광이 될 수 있도록 온 국민이 마음을 하나로 모아야 할 것입니다.

존경하는 국민 여러분,

가슴을 열고 지금부터 새롭게 출발합시다. 5.18을 통해 광주는 '두려움을 무릅쓰고 진실을 말하는 용기', '소신을 행동으로 실천하는 용기'를 보여주었습니다. 이제 말이 아니라 실천으로, 명실상부한 통합의 길로 나아갑시다. 그 통합된 힘으로 우리 사회의 잘못된 관행과 제도를 하나하나 고쳐 나갑시다. 그리하여 성숙한 민주주의 시대를 열고, 마침내 민족이 하나가 되고, 평화와 번영이 함께 하는 동북아 시대를 앞장서서 열어 갑시다. 그 안에서 우리의 아들, 딸들이 보람 있고 행복한 삶을 누리게 합시다.

이것이 5.18이 지금 우리에게 던지는 숙제이자, 5.18의 숭고한 뜻을 완성하는 길이라고 생각합니다. 5.18 영령들이 우리를 지켜줄 것입니다. 오늘 이 자리가 하나 되는 대한민국을 위한 우리의 다짐을 새롭게 하는 계기가 되길 바랍니다.

광주시민 여러분, 전남도민 여러분, 감사합니다.",,https://www.pa.go.kr/index.jsp,0,included,
10,노무현,노무현,2005,5.18,진보,"존경하는 국민 여러분,

광주시민과 전남도민 여러분,

우리는 오늘 5.18민주화운동 25주년을 기념하기 위해 이 자리에 함께했습니다. 자유와 민주주의를 위해, 그리고 이 나라를 위해 고귀한 목숨을 바치신 5.18영령들의 명복을 빕니다.

그날의 상처로 지금 이 순간까지 고통받고 계신 유가족과 부상자 여러분께 충심으로 위로의 말씀을 드립니다.

아울러 분노와 슬픔을 승화시켜 민주주의 발전을 이끌고 계신 위대한 광주시민과 전남도민 여러분께 깊은 존경과 감사의 말씀을 올립니다.

광주시민과 전남도민 여러분,

5.18은 승리의 역사입니다. 군부독재의 무자비한 폭력도 민주주의를 향한 광주시민들의 열정만은 꺾지 못했습니다. 광주의 용기와 희생은 민주화의 불꽃이 되어 87년 6월항쟁으로 타올랐고 마침내 군부독재를 무너뜨렸습니다. 시민의 힘이 얼마나 위대한지를 분명하게 보여주었습니다.

광주시민 여러분은 목숨이 오가는 극한 상황에서도 절제력을 잃지 않았습니다. 모두가 한마음으로 부상자를 치료하고 어려움을 나누었습니다. 약탈도, 방화도, 보복도 없는 그야말로 민주질서를 유지했습니다. 평화적인 사태 해결을 위해 끝까지 대화하고자 노력했습니다. 이것은 세계 역사를 봐도 유례가 없는 일입니다.

우리가 세계에 손색이 없는 당당한 민주주의를 하게 된 토대에 바로 광주가 있었음을 우리 국민은 영원히 기억할 것입니다.

존경하는 국민 여러분,

80년대 민주화 이후 시민사회의 성장은 괄목할 만한 것이었습니다. 시민사회가 국정을 이끌어가는 핵심적인 주체로 등장했고, 우리는 아시아에서 가장 활발한 시민사회를 가진 나라가 되었습니다.

이제 그 위상에 걸맞게 한층 더 성숙한 모습으로 발전해가야 하겠습니다. 무엇보다 대안을 내놓는 창조적인 참여를 통해서 우리 사회의 합의 수준을 높여나가야 합니다.

반대를 용납하지 않고 폭력과 공작으로 경쟁을 무력화시켰던 독재의 역사는 결코 되풀이되지 않을 것입니다.

이제 상대를 존중하면서 대화와 타협으로 문제를 풀어나가고 규칙에 따라 정정당당하게 경쟁하고, 결과에는 반드시 승복하는 성숙한 민주주의 문화를 만들어가야 합니다. 감정적 대립을 뛰어넘어 합리적 사고가 지배하는 사회가 되어야 합니다. 이것이 사회적 갈등을 효율적으로 극복하고 국가경쟁력을 한 단계 더 높이는 길이 될 것입니다.

존경하는 국민 여러분,

5.18의 숭고한 뜻을 오늘에 되살려 냅시다. 성숙한 민주주의를 꽃피우고 선진한국을 향해 힘차게 나아갑시다. 그래서 우리 아이들에게 떳떳하고 자랑스런 역사를 물려줍시다.

5.18영령들이 우리의 앞길을 밝혀주실 것입니다. 감사합니다.",,https://www.pa.go.kr/index.jsp,0,included,
11,노무현,노무현,2006,5.18,진보,"존경하는 국민 여러분,

그리고 광주시민과 전남도민 여러분,

오늘은 자유와 인권, 정의의 횃불을 높이 들었던 5.18민주화운동 스물여섯 돌입니다. 이 뜻깊은 날을 맞아 저는 먼저, 희생을 바치신 임들의 영전에 머리 숙여 경의를 표하고 삼가 명복을 빕니다.

사랑하는 가족을 가슴에 묻고 피눈물을 흘려 오신 유가족 여러분, 그리고 모진 고문과 투옥, 부상의 후유증으로 아직까지 고통받고 계신 피해자 여러분께 마음으로 위로의 말씀을 드립니다.

아울러 역사의 고비마다 우리가 나아갈 길을 제시하고 앞장서서 실천해 오신 광주시민과 전남도민 여러분께 깊은 존경과 감사의 말씀을 올립니다.

존경하는 국민 여러분,

5.18은 우리 민주주의 역사에 찬란하게 빛나는 기념비입니다. 세계 역사에 길이 기억될 진보의 역사입니다. 80년 5월, 광주에서 타올랐던 민주화의 불꽃은 87년 6월항쟁으로 이어졌고, 다시는 되돌아가지 않을 민주주의의 뿌리를 튼튼하게 내리게 해주셨습니다. 광주의 피와 눈물이 오늘 우리가 누리는 민주주의의 밑거름이 된 것입니다.

뿐만 아니라 5.18 광주는 도덕적 시민상과 공동체의 모범을 보여주었습니다. 생명이 위협 받는 절박한 상황에서도 너나없이 주먹밥을 나누었고 부상자를 앞장서서 치료했습니다. 시민들의 자치로 완벽한 치안을 유지했습니다.

세계에 유례가 없는 이 자랑스런 역사를 우리 국민은 영원히 잊지 않고 기념할 것입니다.

국민 여러분,

그러나 한편으로, 5.18은 있어서는 안 될 불행한 역사입니다. 우리 모두 다짐해야 합니다. 다시는 이와 같은 역사를 되풀이해서는 안 됩니다.

돌이켜 보면, 동학혁명과 3.1운동, 4.19혁명 모두가 역사의 진보를 위한 숭고한 투쟁이었습니다. 우리 민권과 민주주의 역사의 자랑이요 초석입니다. 그러나 안타깝게도 매 시기마다 수많은 사람들이 고통과 희생을 바쳐야 했고, 그 고난의 역사는 반복되었습니다.

동학혁명 당시를 돌이켜 보면 참으로 억울하기 그지없습니다. 편협하고 독단적인 사상체계에 빠져 세상물정에 어두웠던 이 나라의 위정자들은 변화하는 세계의 조류를 받아들여야 할 시기에 새로운 학문과 사상을 배척하고, 그도 모자라 수많은 사람들의 목숨을 빼앗고 탄압했습니다.

백성의 삶을 보살피고 민권을 북돋우어야 할 시기에 사리사욕을 위하여 혹은 왕권 강화를 내세워서 민생은 도탄에 빠뜨려놓고 그들끼리는 끊임없이 분열하고 싸웠습니다. 마침내는 터져 나오는 백성들의 요구를 억누르기 위해서 외세까지 끌어들였다가 나라와 백성을 남에게 내주고야 말았습니다.

어리석고 무책임한 지배층의 잘못이 없었더라면 망국의 설움도 없었을 것이요, 3.1운동도 필요하지 않았을 것입니다. 4.19가 5.16 군사쿠데타로 좌절되지 않았더라면, 그리고 우리가 그것을 용납하지 않았더라면 5.18의 비극도 없었을 것입니다.

국민 여러분,

이제 이 같은 불행한 역사를 되풀이해서는 안 됩니다. 그러기 위해서 우리는 역사로부터 배워야 합니다. 5.18정신을 올바르게 선양하고 역사 발전의 교훈으로 삼아나가야 합니다.

무엇보다 세계사의 흐름과 우리의 위치를 정확하게 파악하고 우리가 나아가야 할 방향과 지금 우리가 해야 할 일이 무엇인지를 냉정하게 다시 한번 짚어보아야 합니다.

지금은 지도자의 말 한마디로 모든 것을 다할 수 있는 시대가 아닙니다. 그것은 무소불위의 독재시대에나 가능했던 일입니다. 아직도 권력자의 얼굴만 쳐다보는 그 시대의 낡은 사고가 남아있다면 단호히 버려야 합니다. 스스로 주권자로서의 확고한 의식을 가지고 멀리 보고 깊이 생각하면서 책임있게 참여하는 자율과 책임의 시대로 가야 합니다.

우리의 생각과 행동이 아직도 반독재 투쟁의 시대에 머물러 있어서도 안 됩니다. 이미 절차적 민주주의가 정착되었고, 시민사회가 괄목할만한 성장을 이루었습니다. 사회의 투명성도 몰라보게 높아졌습니다. 우리 사회는 이미 성숙한 민주주의의 단계로 들어서고 있습니다.

남은 과제는 대화와 타협의 민주주의 가치를 생활 속에 뿌리내리는 일입니다. 그러자면 상대를 존중하고 양보할 것은 양보해서 합의를 이뤄내는 관용의 문화를 만들어 나가야 합니다. 이를 위해서는 지역주의와 집단이기주의를 반드시 극복해야 합니다.

국민 여러분,

5.18 광주가 주는 또 하나의 교훈은 화해와 통합의 역사를 이루라는 것입니다. 5.18은 민주주의에 대한 열망의 분출이기도 했지만, 오랜 소외와 차별, 그리고 권력의 유지를 위해 국민을 분열시켰던 결과로서 발생한 것이기도 합니다.

균형사회를 만들어야 합니다. 지역간, 계층간, 산업간, 근로자 상호간의 격차를 줄여서 균형 잡힌 사회를 만들어야 합니다. 국가균형발전과 양극화 해소, 그리고 동반성장이 절실한 이유가 여기에 있다고 하겠습니다.

이와 함께, 역사에 대한 올바른 정리, 그리고 진심어린 사과와 반성, 그 위에서 용서하고 화해함으로써 진정한 통합의 역사를 열어 나가야 할 것입니다. 이것이 5.18정신을 오늘에 되살리고 불행한 역사를 되풀이하지 않는 길이 될 것입니다.

진실로 함께 반성합시다. 그리고 우리 함께 힘을 모읍시다.원칙과 신뢰가 바로서는 사회, 모든 것이 투명하고 공정하게 돌아가는 사회, 권한이 골고루 분권화되고 자율과 책임으로 함께 꾸려가는 사회, 그리고 대화와 타협으로 모든 국민이 하나로 통합되는 사회를 위해 우리 함께 노력합시다.

이곳에 계신 5.18 영령들이 우리의 앞길을 밝혀주실 것입니다.

감사합니다.",,https://www.pa.go.kr/index.jsp,0,included,
12,노무현,노무현,2007,5.18,진보,"존경하는 국민 여러분, 광주시민과 전남도민 여러분,

바로 엊그제 일 같은데 벌써 스물일곱 돌이 되었습니다. 먼저 자유와 정의, 민주주의를 위해 고귀한 목숨을 바치신 임들의 영전에 머리 숙여 경의를 표하고 삼가 명복을 빕니다.

고문과 투옥, 부상의 후유증으로 지금 이 순간까지 고통 받고 계신 피해자 여러분, 사랑하는 가족을 가슴에 묻고 통한의 세월을 살아오신 유가족 여러분께 충심으로 위로의 말씀을 드립니다.

아울러 성숙한 시민의식으로 역사의 고비마다 시대적 사명을 앞장서 실천해 오신 광주시민과 전남도민 여러분께 깊은 존경과 감사의 말씀을 드립니다.

국민 여러분,

5.18은 역사에 많은 의미를 남기고 있습니다.

무엇보다도 정의는 반드시 승리한다는 진리를 확인해 주었습니다. 80년 광주에서 타오른 민주화의 불꽃은 꺼지지 않는 횃불이 되어 87년 6월항쟁으로 이어졌고, 마침내 군부독재를 물리쳤습니다. 군부와 언론에 의해 폭도로 매도되어 무참히 짓밟혔던 5.18 광주는 민주주의의 성지로 부활했습니다.

5.18 그 날의 광주는 목숨이 오가는 극한상황에서도 놀라운 용기와 절제력으로 민주주의 시민상을 보여 주었습니다. 너와 내가 따로 없이 부상자를 치료하고 주먹밥을 나누었습니다. 시민들의 자치로 완벽한 민주질서를 유지했습니다. 그리고 마지막 순간까지 대화를 위한 노력을 멈추지 않았습니다. 참으로 세계 시민항쟁의 역사에 유례가 없는 민주시민의 모범을 보여주었습니다.

이제 이 같은 비극이 다시는 없을 것입니다. 불의한 권력이 국민의 자유와 인권을 짓밟는 역사가 되풀이되지 않을 것입니다. 역사의 큰 물줄기는 모든 사람들이 자유롭고 평등하며 평화로운 삶을 누리는 방향으로 흘러갈 것입니다. 그리고 그 어느 누구도 이 도도한 진보의 흐름을 가로막거나 되돌리지 못할 것입니다.

4.19혁명, 10.16부마항쟁, 5.18민주화운동, 6월항쟁의 역사가 우리들의 가슴 속에, 우리들의 피 속에 살아 있기 때문입니다.

국민 여러분,

모든 것이 다 해결된 것만은 아닌 것 같습니다. 요즈음 다시 민주주의의 역사를 냉소하고 비방하는 사람들이 있습니다. 민주세력이 무능하다거나 실패했다는 말을 하는 사람들이 있습니다. 민주세력임을 자처하는 사람들 중에도 그런 사람들이 있으니 참으로 민망하기 짝이 없습니다.

그분들에게 한 번 물어보고 싶습니다. 이 나라 민주세력이 누구보다 무능하다는 얘기입니까, 언제와 비교해서 실패했다는 얘기인지 정말 물어보고 싶습니다. 군사독재가 유능하고 성공했다고 말하고 싶은 것이냐 물어보고 싶습니다.

민주세력은 새로운 역사를 쓰고 있습니다. 정치, 경제, 사회, 문화, 외교안보, 모든 면에서 87년 이전과는 뚜렷이 구분되는 새로운 대한민국의 역사를 쓰고 있습니다.

독재 정권을 퇴장시키고 민주주의 시대를 활짝 열어가고 있습니다. 약 10년간 정권의 성격을 말하기 어려웠던 과도기가 있었습니다만, 우리는 97년 마침내 완벽한 정권교체를 이루어냈습니다. 그리고 독재체제에서 구축된 특권과 반칙, 권위주의 문화를 청산해 가고 있습니다. 정경유착과 권력형 부패의 고리를 끊어내고 있습니다. 권력기관은 제자리로 돌려 보내고, 권력과 언론의 관계도 다시 정리하고 있습니다. 더 이상 유착은 없을 것입니다. 과거사 정리로 역사의 대의를 바로 잡아가고 있습니다. 투명하고 공정한 사회로 가고 있습니다. 국민들은 자유와 인권을 누리고 창의를 꽃피우고 있습니다. 진정한 국민주권시대를 열어가고 있습니다.

이보다 더 큰 일이 무엇입니까, 이 큰 일을 민주세력보다 누가 더 잘 할 수 있다는 것입니까,

군사정권의 경제성과를 굳이 깎아 내리지는 않겠습니다. 그러나 군사정권의 업적은 부당하게 남의 기회를 박탈하여 이룬 것입니다. 그리고 그 업적이 독재가 아니고는 불가능한 업적이었다는 논리는 증명할 수 없는 것입니다. 그런 논리는 우리 국민의 역량을 너무나 무시하는 것입니다.

실제로 87년 민주화 이후부터 우리 경제는 체질을 전환하기 시작했습니다. IMF 외환위기는 개발독재의 획일주의와 유착경제의 잔재를 신속하게 청산하지 못한 데서 비롯된 것입니다. 국민의 정부는 신속하고 과감한 개혁과 구조조정을 통해 이 위기를 극복해냈습니다. 이후 우리 경제는 인재중심의 지식기반 경제, 혁신주도의 경제로 빠르게 전환되고 있고, 개방을 통해 세계적 흐름에도 한 걸음 앞서가고 있습니다.

1987년보다 나라의 경제적 역량이 훨씬 더 성장하고 있지 않습니까, 세계 선진국 속에서의 순위도 훨씬 더 올라가고 있지 않습니까, 경제규모, 과학기술, 산업경쟁력, 환경, 문화 분야 이 모든 분야에서 그 이전과는 비교도 할 수 없을 만큼 세상이 달라지고 있습니다. 수출 4천억 달러, 국민소득 2만 달러 시대를 눈앞에 두고 있습니다. 이제 누구도 의심 없이 3만 달러 시대를 공약하고 있습니다.

자유와 창의가 꽃피는 사회, 투명하고 공정한 사회라야 의욕 넘치는 시장, 혁신하는 경제를 만들 수 있습니다. 민주정부가 아니고는 할 수 없는 일들입니다.

국민의 정부 시절 기초생활보장제도가 도입되고 전국민 국민연금 시대가 열렸습니다. 그리고 이제는 복지투자를 사회투자 전략으로 발전시켜 나가고 있습니다. 사람에 대한 투자를 통해 나라의 경쟁력을 높이고 모두에게 기회가 열려있는 더불어 잘 사는 균형사회를 만들자는 전략입니다. ‘함께 가는 희망한국 비전 2030’이 바로 그것입니다. 이 또한 민주정부가 하는 일입니다.

평화주의를 확실한 대세로 굳혀가고 있습니다. 남북관계가 오랜 냉전의 굴레에서 벗어나 화해협력의 길로 확실하게 방향을 잡아가고 있습니다. 핵심적인 군사요충지였던 개성공단이 한반도 경제협력의 중심으로 거듭나고 있습니다. 반세기 이상 끊어졌던 남북한의 철길도 어제 전국민이 지켜보는 가운데 감격스럽게 열렸습니다. 이렇게 가면 한반도의 평화와 안정이 더욱 굳어지고 한국경제에 새로운 기회도 열릴 것입니다.

또한 한미관계가 일방적인 의존관계에서 상호 존중의 협력관계로 바뀌어가고 있습니다. 자주국방도 착착 진행되고 있습니다. 한미동맹은 여전히 견실합니다. 노벨평화상을 수상하고, 유엔사무총장을 배출했습니다. 국제사회에서의 위상이 이렇게 달라지고 있는 것입니다.

민주정부가 아니고는 결코 거둘 수 없는 성과입니다. 민주세력이 이룬 성취입니다. 민주세력이야말로 한국의 미래를 새롭게 열어가고 있습니다. 우리 스스로를 깎아내리지 맙시다. 역사의 가치를 함부로 폄훼하지 맙시다.

지금 이 시간에 민주, 반민주로 편을 갈라서 서로 헐뜯고 싸우자는 말이 아닙니다. 정당하게 평가받아야 될 역사적 가치가, 정당하게 평가받아야 할 역사적 세력이 그렇게 훼손되어서는 안 된다는 것입니다.

다시 한 번 민주주의를 위해 헌신해 오신 분들께, 그리고 희생하신 분들께 깊은 감사와 존경의 말씀을 드립니다.

존경하는 국민 여러분,

그러나 아직도 남은 일이 있습니다. 정말 입에 올리기도 가슴 아픈 일이지만 그러나 우리 정치에 지역주의가 아직 남아 있습니다. 이것은 숨길 수 없는 사실입니다.

5년 전 이 곳 광주시민들은 참으로 훌륭한 결단을 해 주셨습니다. 영남 사람인 저를 대통령이 될 수 있도록 만들어 주셨습니다. 저는 여러분의 결단에 보답하고자 혼신의 노력을 다해 왔습니다. 이제 국정 운영과 정부 인사에서 지역차별, 편중인사, 이런 비판들은 점차 사라져 가고 있는 것 같습니다. 말을 해도 설득력이 없기 때문일 것입니다.

영남의 국민들도 화답하고 있습니다. 지난 대통령 선거와 그 이후의 선거에서는 영남에서도 30% 내외의 국민이 지역 당을 지지하지 않았습니다. 기대를 걸어볼만한 의미 있는 변화 아니겠습니까, 선거제도가 만일에 합리적인 제도로 되어 있었더라면 영남에서도 아마 30% 가까운 지역당에 반대하는 정당이 생겼을 것입니다. 그래서 서로 경쟁하는 정치가 이루어졌을 것입니다. 그러나 유감스럽게도 제도는 바꾸지 못했고, 지금 정치는 다시 후퇴의 조짐이 나타나고 있습니다.

존경하는 국민 여러분,

지역주의는 어느 지역 국민에게도 이롭지 않습니다. 오로지 일부 정치인들에게만 이로울 뿐입니다.

지역주의를 극복하지 않고는 정책과 논리로 경쟁하는 정치, 대화와 타협으로 국민의 뜻을 모아가는 정치, 정치인의 이익이 아니라 국민에게 봉사하는 정치, 그런 아름답고 수준 높은 정치를 보기가 어려울 것입니다. 욕설과 몸싸움, 태업과 공전을 일삼고 공천헌금과 정치부패를 반복되는 정치를 벗어나지 못할 것입니다. 지난해 지방선거에서는 공천헌금 비리가 118건에 이르렀습니다. 이대로 가면 부패정치가 되살아날지도 모릅니다.

여러분이 제게 대통령의 중책을 맡긴 것은 제가 일관되게 지역주의에 맞서왔기 때문일 것입니다. 그러나 저는 아직도 책임을 다하지 못했습니다. 물론 앞으로도 끝까지 책임을 다하기 위해 노력할 것입니다. 그러나 제게 더 남은 힘이 별로 있는 것 같지 않아서 무척 안타깝습니다.

이제 다시 국민 여러분의 몫으로 돌아가는 것 아닌가 생각됩니다. 국민 여러분의 깊은 헤아림이 필요한 때입니다.

국민 여러분,

문제가 있고 어려움이 있어도 역사는 앞으로 진전할 것입니다. 역사를 멀리 내다보고, 가치를 소중히 여기고, 바른 역사, 정의로운 역사를 위해 헌신하고 희생하는 사람이 있기 때문입니다.

우리 모두 5.18의 숭고한 정신을 다시 한번 새깁시다. 마음과 힘을 모아 성숙한 민주주의를 꽃피우고 선진한국의 밝은 미래를 함께 열어나갑시다.

이곳에 계신 5.18 영령께서 우리를 이끌어주실 것입니다.

감사합니다.",,https://www.pa.go.kr/index.jsp,0,included,
13,이명박,이명박,2008,5.18,보수,"존경하는 국민 여러분, 광주시민과 전남도민 여러분!

오늘 민주화의 성지 빛고을 광주에서 여러분을 만나 뵙습니다. 그동안 여러 차례 이곳을 찾았지만, 오늘 저는 대통령으로서 이 자리에 서게 되니 특별한 각별한 감회에 젖게 됩니다.

28년 전 오늘 자유와 민주주의를 지키기 위해서 숨져간 민주 영령들 앞에 온 국민과 함께 고개 숙여 명복을 빕니다. 그날의 아픔을 안고 살아가시는 5.18 민주화운동 유공자와 유가족 여러분들께도 충심으로 위로의 말씀을 드립니다. 역사의 고비마다 정의와 진실을 위해 앞장서 온 광주시민과 전남도민 여러분을 저는 매우 자랑스럽게 생각을 합니다.

5.18 민주화운동은 크나큰 아픔으로 남았지만, 우리가 지금과 같은 민주화사회를 이루는 데 큰 초석이 되었습니다. 우리 국민은 지혜로웠습니다. 5.18 민주화운동을 과거의 사건으로 묻어두지 않고, 더 나은 내일을 위한 동력으로 승화시켜, 위대한 민주주의의 진전을 이루어 냈습니다.

이 자리에 함께 하신 여러분!

이제 5.18 정신은 그 자체로 이미 귀중한 자산이지만, 우리는 그것을 국가발전의 에너지로 승화시켜야 합니다. 민주화로 활짝 피어난 5.18 을 선진일류국가를 건설하는 정신적 지주로 발전시켜 나가야합니다. 역사는 지금 우리에게 산업화ㆍ민주화를 거쳐 선진화를 이뤄내라고 요구하고 있습니다.

세계에는 선진국 문턱에 다가섰다가,기회를 잡지 못하고 주저앉은 나라들이 많습니다. 그들의 실패를 거울로 삼아서 우리는 선진국의 꿈을 반드시 실현해야 합니다. 그러기 위해서는 과거가 아니라 미래를 보고 창의와 실용으로 우리는 변화해야 합니다. 갈등과 대립에서 벗어나 통합과 상생의 길로 나서야 합니다. 선진국으로 성큼 들어서기 위해서 변화는 선택이 아니라 필수입니다.

물론 변화의 과정에는 다소간의 어려움이나 불이익이 있을 수 있습니다. 그러나 이념과 지역주의와 같은 낡은 가치에 사로잡혀서는 결코 우리는 선진일류국가로 도약할 수가 없습니다. 이 자리에서 저는 당면한 어려움과 과제를 함께 극복하기 위해 우리 모두 힘을 모아 각오를 새롭게 할 것을 부탁드립니다.

사랑하는 국민여러분!

지금 국내외 경제 환경은 어렵습니다. 하지만 모두가 위기라고 할 때 오히려 우리는 기회를 만들 수 있습니다. 어려운 때일수록 체질을 튼튼하게 다져나간다면 여건이 좋아졌을 때 누구보다 크게 발전할 수 있을 것입니다. 남북한 관계도 변화가 필요합니다. 북한이 변화에 나선다면 우리가 앞장서서 도울 것입니다. 우리는 열린 마음으로 북한을 대하고 있으며, 언제든 만나 당면한 문제를 풀어갈 준비가 되어 있습니다.

존경하는 광주시민과 전남도민 여러분!

지난해 대선 당시 광주 금남로에서 비가 오는 중에도 저의 유세를 들으며 박수를 보내주시던 여러분의 모습을 저는 잊지 않고 있습니다. 그때 여러분의 성원에 큰 용기를 얻었고, 이렇게 다시 만나게 되었습니다. 다시 한 번 이 자리를 빌어서 감사의 말씀을 드립니다.

저는 그 때 국민통합과 경제 살리기를 위해 일하겠다고 약속을 드렸습니다. 낡은 시대의 차별과 지역 갈등을 근원적으로 없애고, 산업화 과정에서 소외되었던 광주 전남 지역이 국제적인 경쟁력을 갖도록 힘쓰겠다는 약속을 했고, 그 약속을 다시 한 번 드립니다.

또한 재임기간 중에 광주가 아시아의 문화중심도시로 우뚝 설 수 있도록 뒷받침할 것입니다. 2013 하계유니버시아드 대회 유치를 위해서도 최선의 노력을 다할 것입니다. 여러분도 5.18 민주화운동의 정신을 국민 통합의 에너지로 승화시키는 일에 동참해 주실 것을 간곡히 당부 드립니다.

우리 모두 하나 되는 대동의 광장에서 미래를 향해 힘을 모아 나아갑시다. 선진화의 새 역사를 함께 힘을 모아 만들어 나갑시다.

대단히 감사합니다.",,https://www.pa.go.kr/index.jsp,0,included,
14,이명박,총리(한승수),2009,5.18,보수,"존경하는 국민 여러분, 광주시민과 전남도민 여러분, 오늘 우리나라 민주화의 성지 광주에서 5.18 민주화 운동 29주년을 맞아 민주주의를 위해 희생하신 5.18 민주 영령들께 온 국민과 더불어 깊이 머리 숙여 명복을 빕니다. 지금까지도 그날의 아픈 상처로 고통을 겪고 계시는 5.18 유공자와 유가족 여러분에게도 진심으로 위로의 말씀을 드립니다. 아울러 그동안 우리나라의 민주화에 앞장서 온 광주 시민과 전남 도민을 비롯한 여러분의 애국심에 존경과 감사를 드립니다. 특히 5.18 민주화 운동은 우리 사회의 민주화와 인권 신장에 큰 디딤돌이 되었습니다. 우리나라 민주주의 역사에 영원히 남을 귀중한 자산입니다. 우리들은 이 값진 자산을 국가 발전의 더 큰 동력으로 승화시켜 나가야 하겠습니다. 우리나라가 세계 앞서가는 선진 일류 국가로 나아가는 데 훌륭한 도약대로 삼아야 하겠습니다.

세계사의 흐름의 중심에 자리 잡는 선진 일류 국가가 되기 위해서는 무엇보다도 국민 통합이 중요합니다. 우리들은 우리 모두의 힘을 하나로 모아야 합니다. 대립과 갈등이 아니라 화해와 협력으로 다시 한 번 힘차게 일어나야 합니다. 낡은 이념이나 계층 간, 지역 간 갈등을 과감히 극복하고 화합과 상생의 길로 나가야 합니다. 아울러 우리 사회 각 분야에서 원칙을 바로 세우고 법을 올바로 지키며 대화와 소통의 문화를 뿌리내리는 데 모든 국민이 힘을 합해야 하겠습니다. 작년에 시작된 세계적인 경제 위기로 지금 나라 안팎의 경제 사정이 매우 어렵습니다. 최근 들어 각종 경제지표가 다소 나아지고 있다고 합니다마는 결코 안심할 수 있는 상황이 아닙니다. 우리는 과거에도 수많은 난관이 있었습니다. 그러나 그때마다 온 국민이 단합하여 이를 훌륭히 극복해 왔습니다. 전대미문의 세계적 위기를 맞아 이번에도 온 국민이 단합하여 위기를 극복하고 드디어 새로운 기회를 창출해 낼 것으로 확신합니다.

우리가 지금의 위기를 넘어 새롭게 도약할 수 있도록 국민 여러분께서 특히 5.18 정신을 이어받은 광주와 전남 지역 여러분의 적극적인 참여와 협력을 간곡히 당부드리는 바입니다. 그것이 바로 5.18 영령들의 넋을 위로하고 그분들의 숭고한 정신에 보답하는 길일 것입니다. 존경하는 광주시민과 전남도민 여러분, 내년이면 5.18 민주화 운동이 일어난 지 30년이 됩니다. 5.18 민주화 운동은 극한 상황 속에서도 굴하지 않고 서로가 힘을 합쳐 민주화를 이루어낸 자랑스러운 역사입니다. 그때의 정신과 교훈을 되살린다면 우리는 어떠한 어려움도 이겨내고 다시 일어날 수 있으리라고 믿습니다. 이 자리가 이러한 우리의 다짐을 새롭게 하는 계기가 되기를 바랍니다. 다시 한 번 민주 영령들의 명복을 빌며 여러분과 여러분 가정의 건강과 행복이 항상 함께하기를 기원합니다. 감사합니다.",,"https://imnews.imbc.com/original/mbig/2346438_29041.html#:~:text=%ED%95%9C%EC%8A%B9%EC%88%98%20%EA%B5%AD%EB%AC%B4%EC%B4%9D%EB%A6%AC%EB%8A%94%2018%EC%9D%BC%20%EC%A0%9C29%EC%A3%BC%EB%85%84%205.18%20%EB%AF%BC%EC%A3%BC%ED%99%94%EC%9A%B4%EB%8F%99%20%EA%B8%B0%EB%85%90%EC%8B%9D%EC%97%90%EC%84%9C,%EA%B5%B4%ED%95%98%EC%A7%80%20%EC%95%8A%EA%B3%A0%20%ED%9E%98%EC%9D%84%20%ED%95%A9%EC%B3%90%20%EB%AF%BC%EC%A3%BC%ED%99%94%20%EC%9D%B4%EB%A4%84%EB%82%B8%20%EC%9E%90%EB%9E%91%EC%8A%A4%EB%9F%AC%EC%9A%B4",0,included,
15,이명박,총리(정운찬)_대독,2010,5.18,보수,"존경하는 국민 여러분, 광주시민과 전남 도민 여러분, 그리고 이 자리에 참석하신 내빈 여러분, 30년 전 이곳 빛고을 광주에서는 조국의 민주화를 향한 염원이 횃불처럼 힘차게 타올랐습니다. 그날 민주 인권, 평화를 지키기 위해 꽃다운 목숨을 바친 민주 영령들의 넋을 기리며 높은 자긍심으로 고난의 세월을 이겨 오신 5.18 민주화 운동 유공자와 부상자, 유가족 여러분께 깊은 위로의 말씀을 드립니다. 사랑하는 광주 시민 여러분, 5.18 민주화 운동은 1960년 4.19 혁명에서 그 씨가 뿌려지고, 1987년 6.10 민주항쟁으로 열매를 맺은 한국 민주화를 향한 도정에서 시대에 획을 긋는 거대한 분수령이었습니다. 한국 민주주의의 연약한 싹은 5.18 민주화 운동의 정신을 밑거름 삼아 우렁찬 거목으로 자라났습니다. 민주주의를 갈망했던 우리 국민들은 시련에 찬 민주화의 고비마다 5.18 민주화 운동으로부터 꺼지지 않는 빛을 발견해 왔습니다.

또한 광주 시민들의 희생이 있었기에 우리의 민주화는 평화적으로 성취되었습니다. 그날의 큰 비극을 통해 우리 국민들 사이에는 다시는 이 같은 일이 있어서는 안 된다는 보이지 않는 합의가 이루어졌기 때문입니다. 민주화는 산업화에도 정당한 명예를 찾아주었습니다. 한강의 기적은 참으로 우리 민족의 운명을 바꾼 커다란 업적이었지만, 민주화 없는 산업화만으로는 세계에 당당히 설 수 있는 품격 높은 국가가 될 수 없었기 때문입니다. 5.18 민주화 운동을 통해 우리 대한민국은 2차 대전 후 전 세계에서도 드물게 산업화와 민주화를 동시에 성취한 나라가 되었습니다. 그 놀라운 위협에 세계는 뜨거운 찬사를 보내고 있으며, 이제 그 바탕 위에서 우리는 다시 한 번 선진 인류 국가로 도약하기 위한 대장정에 나서고 있습니다. 사랑하는 국민 여러분, 올해로 30년을 맞은 5.18 민주화 운동의 정신은 이제 세월이 흐르면 흐를수록 더욱 젊어지는 큰 강물이 되어 한국 민주주의의 새 물결로 거듭나야 하겠습니다.

무엇보다도 우리는 민주 영령들의 피땀으로 성취된 우리의 민주주의 제도가 그 정신과 문화에서도 성숙 발전되고 있는지 거듭 성찰해 보아야 합니다. 5.18 민주화 운동의 정신은 오늘날 우리에게 화해와 환영에 기초한 성숙한 민주주의의 실현을 요구하고 있습니다. 권위주의 정치가 종식되고 자유가 넘치는 나라가 되었지만, 우리는 아직 민주사회의 자유에 걸맞은 성숙한 민주주의를 이루었다고 말하기 어렵습니다. 많은 분열과 대립이 한국 민주주의의 성숙을 가로막고 있습니다. 남북 분단으로 인해 숱한 비극을 겪었으면서도 지역과 계층, 이념 등에 따라 또다시 완고한 분단의 벽을 세우고 있습니다. 민주주의의 출발점인 생산적인 대화와 토론이 뿌리내리지 못했습니다. 법을 무시한 거리의 정치와 무책임한 포퓰리즘에 기대는 일이 적지 않습니다. 중도 실용주의는 시대에 뒤떨어진 이념의 굴레를 벗고 우리가 당면한 현실로부터 출발하여 열린 눈으로 세계를 보자는 것입니다.

문제 해결을 위해 생산적인 대화를 나누고, 견해가 갈리고 이해관계가 다소 달라도 국가와 국민의 입장에 있어서 작은 차이를 넘어 대승적 타협을 이루자는 것입니다. 저는 이것이 5.18 민주화 운동의 정신을 계승 발전시키는 길이자, 잘 사는 국민, 따뜻한 사회, 강한 나라를 만들기 위한 선진 인류 국가의 초석이라고 생각합니다. 사랑하는 국민 여러분 저는 오늘 국민 여러분과 함께 더 큰 대한민국, 성숙한 세계 국가를 향해 나아가기 위해 5.18 민주화 운동의 빛나는 정신을 되새기고자 합니다. 마침 세계 경제와 안보를 좌우하는 국제회의가 잇따라 우리나라에서 열리게 되어 우리 대한민국의 국운이 한껏 얻어갈 둘도 없는 기회를 맞았습니다. 금년 11월에는 세계 경제의 최상위 회의인 G20 정상회의가 서울에서 열리고, 2012년에는 세계 안보의 최상위 회의인 제2차 핵안보 정상회의가 우리나라에서 개최될 예정입니다.

이 모든 것이 가능했던 것은 우리 국민들의 진심 어린 염원과 성원 때문이라고 생각하며 사랑하는 국민 여러분께 다시 한 번 감사드립니다. 이 기회를 잘 살리기 위해서도 우리는 경제 선진화와 함께 정치 선진화를 일으켜야 하겠습니다. 온 국민이 한마음 한 뜻으로 정성을 모아 우리 후손들에게 영원히 기억될 새 시대를 활짝 열어야 하겠습니다. 실록이 우거져 오는 5월에 이 땅에 화해와 관용이 넘치는 민주주의를 활짝 꽃 피우고 온 국민이 다 함께 잘 사는 선진 인류 국가를 향해 힘차게 나아갑시다.",,https://www.pa.go.kr/index.jsp,0,included,
16,이명박,총리(김황식),2011,5.18,보수,"존경하는 국민 여러분, 광주시민과 전남도민 여러분, 그리고 이 자리에 참석하신 내빈 여러분!

오늘 우리는 한국 민주주의의 큰 분수령인 광주의 5월을 기억하고, 그 높은 뜻을 함께 나누기 위해 이곳 5·18민주묘역에 모였습니다. 민주 영령들의 넋을 기리며, 유가족과 부상자 여러분께도 깊은 위로의 말씀을 드립니다. 5·18정신의 계승과 발전에 힘쓰고 있는 광주시민과 전남도민 여러분께도 거듭 감사의 말씀을 드립니다.

30년 전 광주는 많은 희생을 통해 민주화의 희망을 이 땅에 심었습니다. 자유와 민주를 향한 그날의 함성은 6월 항쟁으로 이어져 한국 민주주의를 회복시켰습니다.

우리나라는 이제 국제사회에서 ‘완전한 민주국가’ 26개국의 일원으로 평가받으며, 아시아의 자유와 민주주의를 선도하고 있습니다. 이것은 4·19혁명과 5·18민주화운동, 그리고 6월 민주항쟁의 유산을 이어받아 우리 국민 모두가 이룬 명예로운 성취입니다. 이로써 대한민국은 산업화와 민주화에 모두 성공하며 물질적 풍요만이 아니라 높은 품격까지도 갖춘 나라가 되었습니다.

사랑하는 국민 여러분!

민주화를 통해 우리는 민주주의의 토대를 튼튼히 닦았지만, 더 성숙한 민주주의를 위해 계속 노력해야 하겠습니다. 자유롭게 의견을 피력하고 이익을 주장하는 것은 민주주의의 큰 장점이자 힘입니다. 그러나 특정 개인이나 집단의 견해와 이익을 일방적으로 주장하고, 극한 대립과 투쟁으로 나아가서는 안되겠습니다.

관용과 질서 속에서 다양한 가치가 공존하고, 더 큰 공동의 가치를 찾아가는 것이야말로 더 높은 수준의 민주주의입니다. 지역갈등과 세대갈등, 이념갈등 이 높은 사회적 비용을 유발하고, 선진화의 발목을 잡지 말아야 하겠습니다. 이제 우리는 민주 영령들이 성취한 민주주의를 바탕으로 사회통합을 굳건히 하는 ‘더 깊은 민주화’를 향해 나아가야 합니다.

존경하는 국민 여러분!

지금은 우리 모두가 힘을 합치고, 5·18민주화운동의 정신을 계승 발전시켜 선진일류국가로 도약해야 할 때입니다.

저는 지난해 광복절 경축사에서 ‘공정한 사회’를 ‘더 큰 대한민국’의 새로운 비전으로 제시했습니다. 이는 우리가 성취한 현대사의 업적을 다시 한 번 성찰하며 새로운 도약을 준비하기 위한 것입니다.

우리의 산업화는 세계의 많은 개발도상국이 모범으로 삼을 만큼 성공적인 것이었습니다. 그러나 빠른 산업화 과정에서 그늘 또한 없지 않았고, 이로 인해 선진화 역시 지체되었습니다.

공정한 사회는 특권과 편법을 없애고 모두에게 균등한 기회를 주는 사회입니다. 개인이 창의와 노력을 다하고 땀 흘린 만큼 대가를 얻으며, 결과에 승복하되 뒤진 자에게는 다시 뛸 기회를 주는 것입니다. 공정한 사회는 모든 분야의 공정성을 높여 사회를 신명 나고 활기차게 만드는 선진화의 윤리적 동력입니다.

정부는 병역·납세·교육·기업 등 국민 생활과 직결되는 8대 과제를 구체적으로 선정해 공정한 사회의 실현에 매진하고 있습니다. 저부터 더욱 강력한 의지를 갖고 임하며 정부부터 앞장서 솔선수범하겠습니다.

사랑하는 국민 여러분! 광주시민과 전남도민 여러분!

지난해 우리는 서울 G20 정상회의를 성공적으로 치르며 선진국의 일원으로 부상했고, 수출규모 세계 7위의 무역대국이 되었습니다. 올해 물가 문제 등 여러 가지 어려움이 있지만, 산업화와 민주화를 이룬 저력으로 위기를 기회로 삼아 더 큰 대한민국으로 도약할 것을 믿습니다.

희망과 긍정의 마음으로 더 민주적이고 더 행복한 대한민국을 향해 함께 나아갑시다. 다시 한 번 5·18 민주 영령들의 명복을 빌며 여러분 모두의 건승과 행복을 기원합니다.

감사합니다.",,https://www.pa.go.kr/index.jsp,0,included,
17,이명박,불참,2012,5.18,보수,,,,,not_produced,no speech produced; president absent from ceremony (2012)
18,박근혜,박근혜,2013,5.18,보수,"존경하는 국민 여러분, 광주시민 여러분,

5.18 광주 민주화운동 33주년을 맞이하여 민주주의를 위해 숭고한 희생을 하신 영령들의 명복을 빕니다.

33년의 긴 시간이 지난 지금까지도 마음의 슬픔을 지우지 못하고 계신 유가족 여러분 그리고 광주시민 여러분께 위로의 말씀을 드립니다.

가족을 잃고 벗을 떠나보낸 그 아픈 심정은 어떤 말로도 온전하게 치유받을 수 없을 것입니다.

저 역시 매번 5.18 국립묘지를 방문할 때마다 가족들과 광주의 아픔을 느낍니다.

영령들께서 남기신 뜻을 받들어 보다 더 성숙한 민주주의를 만드는 것이 그 희생과 아픔에 보답하는 길이라고 믿습니다.

앞으로 5.18 민주화운동의 의미를 되새기면서, 우리나라를 더욱 자랑스러운 국가로 만들어 가겠습니다.

존경하는 국민 여러분, 광주시민 여러분,

산업화와 민주화의 고비를 넘어선 우리 앞에 지금 또 다른 도전이 기다리고 있습니다.

세계가 놀란 경제성장으로 국가는 크게 발전했지만 국민의 삶은 그만큼 행복하지 못합니다.

민주주의의 큰 진전을 이뤄냈지만 계층 간, 지역 간, 세대 간 갈등의 골은 메워지지 않고 있습니다.

저는 이제 새로운 국가발전의 길을 열어가야 한다고 생각합니다.

양적 성장에서 질적 성장으로 경제발전의 패러다임을 바꾸고, 정치사회 영역에 머물렀던 민주화를 경제 분야로 더욱 확장시켜서 국가발전과 국민행복이 선순환하는 새로운 구조를 만들겠습니다.

그것이 우리 앞에 밀려오는 도전을 극복하는 길입니다.

그런 새로운 미래를 열기 위해서는 지역을 넘어, 아픔을 넘어, 대한민국의 역동적인 발전을 위해 다 같이 힘을 모아야 합니다.

저는 이제 5.18 정신이 국민통합과 국민행복으로 승화되어야 한다고 생각합니다.

민주주의의 궁극적인 목적은 국민행복이고, 국민행복시대를 열어가는 것입니다.

앞으로 정부는 국민통합과 국민행복의 새 시대를 열기 위해 모든 노력을 다할 것입니다.

각계각층의 서로 다른 생각들을 하나로 모아서 국가 발전의 새로운 동력으로 삼을 것입니다.

그 길에 민주화를 위해 고귀한 희생과 아픔을 겪으신 여러분께서 선도적인 역할을 해주실 것을 부탁드립니다. 저는 여러분과 함께 국민행복의 새 시대를 열어가겠습니다.

5.18 민주화 운동의 날에 다시 한 번 민주영령 앞에 깊은 추모의 마음을 드립니다.

감사합니다.",,https://www.pa.go.kr/index.jsp,0,included,
19,박근혜,총리(정홍원),2014,5.18,보수,"존경하는 국민 여러분, 광주시민과 전남도민 여러분, 그리고 자리롤 함께하신 내외 귀빈 여러분, 오늘은 5·18민주화운동 서른네 돌이 되는 날입니다.
우리의 자유와 정의, 그리고 민주주의를 위해 몸을 바치신 5·18민주영령들의 영전에 온 국민과 더불어 머리 숙여 명복을 빕니다. 그날의 아픈 상처를 지니고 살아오신 부상자와 유가족 여러분께도 깊은 위로의 말씀을 드립니다.
34년 전 이곳 빛고을 광주에서 일어난 민주화운동은 우리나라 민주주의 발전에 큰 획을 그었습니다. 우리의 민주화가 위기에 처했을 때, 광주시민 여러분이 높이 든 정의의 깃발은 민주화의 도도한 물길을 열었습니다. 5·18민주화운동은 오늘날 우리가 누리고 있는 민주주의의 원동력이 되었습니다. 이제 5.18민주화운동의 함성이 울린 지 한 세대가 지나고 었습니다만, 우리는 그때의 정신과 열정을 되새겨야 합니다. 우리의 민주주의와 국가의 품격을 더윽 성숙시키는 것이 5.18민주영링의 고귀한 희생에 보담하는 길이라고 생각하기 때문입니다.

국민 여러분, 이번 세월호 사고는 우리에게 국민의 행복과 직결되는 '안전문제의 근본을 해결하라'는 준엄한 과제들을 안겨주었습니다. 정부는 뼈아픈 자성(自省)의 토대위에서 국가안전시스템을 혁신하여 이번에야말로 반드시 안전한 나라를 이룩할 것입니다.
과거의 안일한 인식에서 환골탈태(換骨奪胎)하여 기본을 지키며 각자의 책임을 다할 수 있도록 사회 모든 영역에 쌓여온 폐단을 바로잡을 것입니다.
'처음부터 다시 시작한다'는 결연한 자세로 제도와 관행에서 의식과 문화에 이르기까지 근본적으로 쇄신함으로써 이번 사고의 안타까운 희생이 걸코 헛되지 않도록 할 것입니다.
존경하는 국민 여러분, 우리 대한민국은 오랜 역사 속에서 수많은 위기를 맞을 때마다 국민의 위대한 저력으로 이를 극복해왔습니다. 어려울 때일수록 한마음 한뜻이 되었습니다.
우리가 식민과 분단, 전쟁과 가난의 시련을 딛고 민주화와 산업화의 기적을 이룰 수 있었던 것도 우리 국민의 눈물겨운 노력과 열정이 었었기 때문업니다. 지금이야말로 자자손손 행복을 누려야할 우리 조국의 미래를 위헤 모두가 하나 되는 공동체정신이 절실한 때입니다. 지금의 아픔을 하루빨리 치유하고 국가적인 위기를 극복할 수 있도록 국민 여러분의 힘과 지혜를 모아주시기 바람니다.
이렇게 할 때 우리는 민주화와 산업화의 성공을 넘어 세계 속에 우뚝 서는 새로운 대한민국을 이룩할 수 었을 것이라고 생각합니다.
오늘 이 자리가 우리의 이러한 다짐을 되새기고 미래로 나아가는 소중한 출발점이 되기를 바라면서, 다시 한 번 5·18민주영령들의 영원한 안식을 빕니다.
감사합니다.",,연설문집,1,included,
20,박근혜,부총리(최경환),2015,5.18,보수,"존경하는 국민여러분, 광주시민과 전남도민 여러분, 그리고 내외 귀빈 여러분, 우리는 오늘 5·18민주화운동 서른다섯 돌을 맞아 그 역사적 의미를 되새기는 매우 뜻 깊은 자리를 함께하고 있습니다.

우리의 자유와 인권, 민주주의를 위해 헌신하신 민주영령들의 고귀한 넋을 기리며 삼가 머리 숙여 명복을 빕니다. 그날의 아픔을 안고 살아오신 유공자와 유가족 여러분께 깊은 위로의 말씀을 드립니다. 우리나라 민주주의 발전에 앞장서 오신 광주시민과 전남도민 여러분께 감사를 드립니다.
 
빛고을 광주에서 뜨겁게 타오른 5·18민주화운동은 우리의 민주화에 이정표를 세우고 국가발전의 새로운 원동력이 되었다고 생각합니다. 이처럼 민주․정의․인권의 5·18 정신은 대한민국의 미래를 밝히는 등불이 되어 우리 모두의 가슴속에 영원히 살아있을 것입니다.

국민 여러분, 우리는 이제 5·18 정신을 받들어 진정한 선진사회로 한 단계 더 도약해야 합니다. 무엇보다 경제를 활성화하고 민생을 안정시켜 모든 국민이 행복한 나라를 이룩해야 합니다.

정부는 지금 공무원 연금개혁을 비롯하여 공공, 노동, 교육, 금융 등 4대 구조개혁을 추진하는 데 모든 역량을 집중하고 있습니다. 이것은 당장의 어려움을 해소하는 동시에, 우리 미래 세대들의 행복을 보장하기 위한 것입니다.

오랫동안 쌓여온 부정과 비리를 뿌리 뽑고, 우리 사회 모든 분야에 변화와 혁신의 새로운 문화를 만들어가야 합니다.

지역과 계층, 세대와 이념의 벽을 넘어 화해와 통합의 시대를 열기 위해 더욱 노력하겠습니다.

이러한 국정 각 분야의 개혁에는 많은 어려움이 따를 수밖에 없을 것입니다. 그러나 대화와 타협, 양보와 상생의 정신으로 온 국민의 힘과 지혜를 모아 함께 풀어간다면 반드시 성공할 수 있으리라 믿습니다.

우리는 그동안 수많은 국가적 위기를 도약의 기회로 만들어 온 저력을 가지고 있습니다. 이러한 노력이야말로 5.18민주영령들의 숭고한 희생에 보답하며, 그 뜻을 받드는 길이라고 생각합니다.

존경하는 국민 여러분, 그리고 내외 귀빈 여러분, 올해는 광복 70주년이 되는 역사적인 해입니다. 우리 현대사의 '위대한 여정'을 되돌아보고 '새로운 도약'에 나서야 할 때입니다.

우리가 이룩한 산업화와 민주화를 토대로 한반도에 평화와 통일의 꽃을 활짝 피워야 합니다. 이것이 우리 세대가 이루어야 할 시대적 사명입니다.

 5·18을 통해 민주화의 전기를 만들어 온 것처럼 평화통일의 새 역사를 이루는 데도 광주시민과 전남도민 여러분이 앞장서 주시기 바랍니다.

 다시 한 번 5·18민주영령들의 영원한 안식을 빌며, 여러분 모두의 건강과 행운을 기원합니다. 감사합니다.",,https://www.newsis.com/view/NISX20150518_0013669020,0,included,
21,박근혜,총리(황교안),2016,5.18,보수,"우리는 오늘 5.18 민주화운동 36주년을 기념하는 매우 뜻 깊은 자리를 함께하고 있습니다.
5.18 민주화운동은 우리나라 민주주의 발전에 큰 진전을 이루는 분수령이 되었습니다.
우리는 고귀한 5.18 정신을 밑거름으로 삼아 사회 각 부문에 민주주의를 꽃 피우며 자유롭고 정의로운 나라를 건설하는 데 힘써왔습니다.
그 결과, 우리는 산업화와 함께 민주화의 기적을 이룩한 나라로 평가받고 있습니다.
이제 우리는 이러한 성취를 바탕으로 국민 한 사람 한 사람이 행복을 누릴 수 있는 성숙한 선진사회를 구현해나가야 합니다.
우리가 지향하는 성숙한 선진사회는 사회적 약자들을 보호하고 소외계층을 포용하는 따뜻한 공동체입니다.

어려운 이웃들이 차별받거나 소외되지 아니하며 용기와 희망을 가질 수 있어야 합니다.
정부는 복지 사각지대 해소, 서민생계비 부담 완화 등 민생을 안정시키는 데 최선을 다하겠습니다.

맞춤형 고용·복지 정책을 통해 취약계층에게 꼭 필요한 서비스를 제공할 것입니다.
나눔과 배려의 문화를 더욱 확산하여 온 국민이 함께 하는 따뜻한 사회를 구현하겠습니다.
우리 겨레는 오랜 역사를 통해 어떠한 고난 속에서도 결코 좌절하지 않았습니다.
지금도 여러 가지 어려움이 있지만, 모든 국민이 하나가 되어 역량을 결집해나간다면 반드시 극복할 수 있다고 생각합니다.
사회 각계각층이 갈등과 대립이 아니라 소통과 공유, 화해와 협력을 통해 우리 모두의 희망찬 미래를 함께 열어가야 합니다.
민주화를 위해 하나가 되었던 5.18의 정신을 대화합의 에너지로 승화시켜 더욱 자랑스러운 대한민국을 이루어 나갑시다.",,https://m.ktv.go.kr/program/again/view?content_id=522224,0,included,
22,문재인,문재인,2017,5.18,진보,"존경하는 국민 여러분!
오늘 5.18민주화운동 37주년을 맞아 5.18묘역에 서니 감회가 매우 깊습니다.
37년 전 그날의 광주는 우리 현대사에서 가장 슬프고 아픈 장면입니다.

저는 먼저 1980년 5월의 광주시민 여러분을 떠올립니다. 누군가의 가족이었고, 이웃이었습니다. 평범한 시민이었고, 학생이었습니다. 그들은 인권과 자유를 억압받지 않는 평범한 일상을 지키기 위해 목숨을 걸었습니다.
저는 대한민국 대통령으로서 광주 영령들 앞에 깊이 머리 숙여 감사드립니다.

5월 광주가 남긴 아픔과 상처를 간직한 채 오늘을 살고 계시는 유가족과 부상자여러분께도 깊은 위로 말씀을 전합니다.
1980년 5월 광주는 지금도 살아 있는 현실입니다. 아직도 해결되지 않은 역사입니다. 대한민국의 민주주의는 이 비극의 역사를 딛고 섰습니다. 광주의 희생이있었기에 우리 민주주의는 버티고 다시 일어설 수 있었습니다. 저는 5월 광주의 정신으로 민주주의를 지켜 주신 광주시민과 전남도민 여러분께 각별한 존경의 말씀을 드립니다.

존경하는 국민 여러분!
5.18민주화운동은 불의한 국가권력이 국민의 생명과 인권을 유린한 우리 현대사의 비극이었습니다. 하지만 이에 맞선 시민항쟁이 민주주의의 이정표를 세웠습니다. 진실은 오랜 시간 은폐되고, 왜곡되고, 탄압받았습니다. 그러나 서슬퍼런 독재의 어둠 속에서도 국민은 광주의 불빛을 따라 한 걸음씩 나아갔습니다.
광주의 진실을 알리는 일이 민주화운동이 되었습니다.

부산에서 변호사로 활동하던 저도 다르지 않았습니다. 저 자신도 5.18민주화 운동 때 구속된 일이 있었지만 제가 겪은 고통은 아무것도 아니었습니다. 광주의진실은 저에게 외면할 수 없는 분노였고, 아픔을 함께 나누지 못했다는 크나큰 부채감이었습니다. 그 부채감이 민주화운동에 나설 용기를 주었습니다. 그것이저를 오늘 이 자리에 서기까지 성장시켜 준 힘이 되었습니다.
마침내 5월 광주는 지난겨울 전국을 밝힌 위대한 촛불혁명으로 부활했습니다.

불의에 타협하지 않는 분노와 정의가 그곳에 있었습니다. 나라의 주인은 국민임을 확인하는 함성이 그곳에 있었습니다. 나라를 나라답게 만들자는 치열한 열정과 하나 된 마음이 그곳에 있었습니다. 저는 이 자리에서 감히 말씀드립니다. 새롭게 출범한 문재인정부는 5.18민주화운동의 연장선 위에 서 있습니다. 1987년6월 민주항쟁과 국민의정부, 참여정부의 맥을 잇고 있습니다.
저는 이 자리에서 다짐합니다. 새 정부는 5.18민주화운동과 촛불혁명의 정신을 받들어 이 땅에 민주주의를 온전히 복원할 것입니다. 광주 영령들이 마음 편히 쉬실 수 있도록 성숙한 민주주의의 꽃을 피워 낼 것입니다.

여전히 우리 사회 일각에서는 5월 광주를 왜곡하고 폄훼하려는 시도가 있습니다. 용납할 수 없는 일입니다. 역사를 왜곡하고 민주주의를 부정하는 일입니다.
우리는 많은 사람의 희생과 헌신으로 이룩된 이 땅의 민주주의 역사에 자부심을 가져야 합니다. 새 정부는 5.18민주화운동의 진상을 규명하는 데 더욱 큰 노력을 기울일 것입니다. 헬기 사격까지 포함하여 발포의 진상과 책임을 반드시 밝혀내겠습니다. 5.18민주화운동 관련 자료의 폐기와 역사 왜곡을 막겠습니다. 전남도청 복원 문제는 광주시와 협의하고 협력하겠습니다.

완전한 진상 규명은 결코 진보와 보수의 문제가 아닙니다. 상식과 정의의 문제입니다. 우리 국민 모두 함께 가꾸어야 할 민주주의의 가치를 보존하는 일입니다. 5.18민주화운동 정신을 헌법 전문에 담겠다는 저의 공약도 반드시 지키겠습니다. 광주정신을 헌법으로 계승하는 진정한 민주공화국 시대를 열겠습니다. 5.18민주화운동은 온 국민이 기억하고 배우는 자랑스러운 역사로 자리매김할 것입니다.
5.18정신을 헌법 전문에 담아 개헌을 완료할 수 있도록 이 자리를 빌려서 국회의 협력과 국민 여러분의 동의를 정중히 요청합니다.

존경하는 국민 여러분!
'임을 위한 행진곡'은 단순한 노래가 아닙니다. 5월의 피와 혼이 응축된 상징입니다. 5.18민주화운동의 정신 그 자체입니다. '임을 위한 행진곡'을 부르는것은 희생자의 명예를 지키고 민주주의의 역사를 기억하겠다는 것입니다. 오늘 '임을 위한 행진곡' 제창은 그동안 상처받은 광주정신을 다시 살리는 일이 될것입니다. 오늘의 제창으로 불필요한 논란이 끝나기를 희망합니다.

존경하는 국민 여러분!
2년 전 진도 팽목항에 5.18의 엄마가 4.16의 엄마에게 보낸 펼침막이 있었습니다. “당신 원통함을 내가 아오. 힘내소. 쓰러지지 마시오”라는 내용이었습니다. 국민의 생명을 짓밟은 국가, 국민의 생명을 지키지 못한 국가를 통렬히 꾸짖는 외침이었습니다. 다시는 그런 원통함이 반복되지 않도록 하겠습니다. 국민의생명과 사람의 존엄함을 하늘처럼 존중하겠습니다. 저는 그것이 국가의 존재가 치라고 믿습니다.

저는 오늘 5월의 죽음과 광주의 아픔을 자신의 것으로 삼으며 세상에 알리려했던 많은 이들의 희생과 헌신도 함께 기리고 싶습니다.
1982년 광주교도소에서 광주 진상 규명을 위해 40일간의 단식으로 옥사한 스물아홉 살 전남대생 박관현, 1987년 ‘광주사태 책임자 처벌’을 외치며 분신 사망한 스물다섯 살 노동자 표정두, 1988년 ‘광주학살 진상 규명’을 외치며 명동성당교육관 4층에서 투신 사망한 스물네 살 서울대생 조성만, 1988년 ‘광주는 살아있다’ 외치며 숭실대 학생회관 옥상에서 분신 사망한 스물다섯 살 숭실대생 박래전….수많은 젊음이 5월 영령의 넋을 위로하며 자신을 던졌습니다. 책임자 처벌과진상 규명을 촉구하기 위해 목숨을 걸었습니다. 국가가 책임을 방기하고 있을 때이들은 마땅히 밝히고 기억해야 할 것을 위해 자신을 바쳤습니다. 진실을 밝히려던 많은 언론인과 지식인도 강제 해직되고 투옥 당했습니다.
저는 5월의 영령들과 함께 이들의 희생과 헌신을 헛되이 하지 않고 더 이상 서러운 죽음과 고난이 없는 대한민국으로 나아가겠습니다. 참이 거짓을 이기는 대한민국으로 나아가겠습니다.
광주시민께도 부탁드립니다. 광주정신으로 희생하며 평생을 살아온 전국의 5.18들을 함께 기억해 주십시오. 이제 차별과 배제, 총칼의 상흔이 남긴 아픔을 딛고 광주가 먼저 정의로운 국민통합에 앞장서 주십시오. 광주의 아픔이 아픔으로 머무르지 않고 국민 모두의 상처와 갈등을 품어 안을 때 광주가 내민 손은 가장 질기고 강한 희망이 될 것입니다.

존경하는 국민 여러분!
5월 광주의 시민이 나눈 주먹밥과 헌혈이야말로 우리 자존의 역사입니다. 민주주의의 참모습입니다. 목숨이 오가는 극한 상황에서도 절제력을 잃지 않고 민주주의를 지켜 낸 광주정신은 그대로 촛불광장에서 부활했습니다. 촛불은 5.18민주화운동의 정신 위에서 국민주권 시대를 열었습니다. 국민이 대한민국의 주인임을 선언했습니다.
문재인정부는 국민의 뜻을 받드는 정부가 될 것임을 광주 영령들 앞에서 천명합니다. 서로가 서로를 위하고 서로의 아픔을 어루만져 주는 대한민국이 새로운 대한민국입니다.
상식과 정의 앞에 손을 내미는 사람이 많아질수록 숭고한 5.18정신은 현실 속에서 살아 숨 쉬는 가치로 완성될 것입니다.

다시 한번 삼가 5.18 영령들의 명복을 빕니다.
감사합니다.",,https://www.pa.go.kr/index.jsp,0,included,
23,문재인,문재인,2018,5.18,진보,"5.18민주화운동 38주년입니다. 한 세대를 넘는 긴 시간입니다. 피를 흘리며 민주주의를 이뤄낸 고통의 시간이었습니다. 오늘 저는 광주 영령들을 숙연한 마음으로 추모하며, 민주주의의 가치를 지키기 위해 스스로를 돌보지 않았던 많은 시민의 눈물을 돌아봅니다.
그날 오후 집으로 돌아오던 여고생이 군용차량에 강제로 태워졌습니다. 새벽기도를 마치고 귀가하던 회사원이 총을 든 군인들에게 끌려갔습니다. 평범한 광주의 딸과 누이들의 삶이 짓밟혔습니다. 가족들의 삶까지 함께 무너졌습니다. 한 사람의 삶, 한 여성의 모든 것을 너무나 쉽게 유린한 지난날의 국가폭력이 참으로 부끄럽습니다.

오늘 우리가 더욱 부끄러운 것은 광주가 겪은 상처의 깊이를 38년이 지난 지금까지도 다 알지 못하고, 어루만져 주지도 못했다는 사실입니다. 역사와 진실의 온전한 복원을 위해 더 절실히 결의해야 합니다. 성폭행의 진상을 철저히 조사해 반드시 밝혀 내겠습니다. 국방부와 여성가족부, 국가인권위원회가 함께 공동조사단을 꾸릴 것입니다. 피해자 한 분 한 분이 인간의 존엄을 회복할 수 있도록 최선을 다하겠습니다.
오월 광주는 가장 절망적인 순간에 가장 인간다운 모습을 보여 주었습니다. 광주는 고립된 가운데서도 어떤 약탈도 일어나지 않았습니다. 주먹밥을 나누고 헌혈의 대열에 동참했습니다. 총격을 무릅쓰고 부상자를 돌봤습니다. 서로 돕고 용기를 북돋우며 가진 것을 나누는 일이 불의한 국가폭력에 대항해 이기는 방법이라는 사실을 역사에 남겨 주었습니다.

오월 광주로 인해 평범했던 우리들은 정의를 잊지 않을 수 있었습니다. 광주와 함께하고 있다는 믿음으로 용기를 가질 수 있었습니다. 촛불광장은 오월의 부활이었고, 그 힘으로 문재인정부가 탄생할 수 있었습니다.
짓밟힌 여성들의 삶을 보듬는 것에서 진실의 역사를 다시 시작하겠습니다. 민주주의의 가치만큼 소중한 한 사람의 삶을 치유하는 데 무심하지 않았는지 돌아보겠습니다. 광주라는 이름으로 통칭되었던 한 사람 한 사람의 삶을 존중하는 것이 국가의 존재 이유임을 잊지 않겠습니다.
함께 돌보고 서로 나누며 광주의 정신을 이뤘습니다. 그 정신이 더 많은 민주주의로 확장해야 합니다. 한 사람이 온전히 누려야 할 삶의 권리, 인권과 평화, 존엄성이 일상적 가치가 될 수 있도록 국민께서 함께해 주시기 바랍니다.
오늘 기념식에 이낙연 국무총리가 참석한 것은 매우 큰 의미가 있었습니다. 뜻깊은 기념사였습니다. 저도 마음을 다해 <임을 위한 행진곡>을 함께 불렀습니다.",,https://www.pa.go.kr/index.jsp,0,excluded,presidential message submitted separately from on-site address (2018)
24,문재인,총리(이낙연),2018,5.18,진보,"존경하는 국민 여러분, 광주전남 시도민 여러분, 재외동포 여러분, 5·18 광주민주화운동 38주년입니다.

먼저 목숨을 바쳐 신군부의 불의에 맞서 싸우신 민주영령들을 추모하며, 명복을 빕니다. 마음과 몸의 상처를 안고 통한의 세월을 견디어 오신 유가족과 부상자 여러분께 위로를 드립니다. 광주정신을 지키고 이어 오신 시도민과 재외동포를 비롯한 모든 분께 감사드립니다.

5·18의 진실을 세계에 알리시고 광주를 외롭지 않게 해주신 故 위르겐 힌츠페터 기자님, 故 찰스베츠 헌틀리 목사님, 故 아놀드 피터슨 목사님, 고맙습니다. 오늘 참석하신 부인들께 감사의 마음을 전합니다. 광주와 아시아의 연대를 주도해 오신 난다나 마나퉁가 신부님께 감사드립니다.

5·18 광주민주화운동으로부터 38년이 흘렀습니다. 그러나 아직도 끝내지 못한 일이 있습니다.

첫째는 진실규명입니다. 요즘 들어 5·18의 숨겨졌던 진실들이 새로운 증거와 증언으로 잇따라 나오고 있습니다. 불완전했던 진실규명이 이제 채워져 가고 있는 것입니다.

문재인 정부 들어 제정된 5·18특별법에 따라 진상규명위원회가 9월부터 가동되면 어떠한 제약도 받지 않고, 아무런 의혹도 남기지 않고, 진실을 완전히 밝혀줄 것이라고 저는 믿습니다.

당시 국방부가 진실의 왜곡을 주도했다는 정황도 드러났습니다. 앞으로 사실이 규명되고, 책임도 가려질 것입니다. 과거 정부의 범죄적 행태에 깊은 유감을 표합니다.

사실이 확인되는 대로 정부의 정리된 입장을 밝히겠습니다. 책임을 져야할 사람이 사실을 왜곡하고 광주의 명예를 훼손하기도 했습니다. 진실의 심판을 피하지 못할 것입니다.

둘째는 역사의 복원과 보전입니다. 정부는 옛 전남도청이 5·18의 상징적 장소로 복원되고 보존되도록 광주시와 함께 최선을 다하겠습니다. 유네스코 세계기록유산으로 등재된 역사자료를 더 보완하도록 광주시 및 유관단체들과 협력해 노력하겠습니다.

사랑하는 광주전남 시도민 여러분, 80년 5월, 광주는 광주다웠습니다.

5월15일을 기해 서울의 대학생 시위는 수그러들었습니다. 그러나 광주는 오히려 일어났습니다. 17일 밤 비상계엄 전국 확대로 신군부는 정권탈취의 야욕을 노골화했습니다.

그에 광주는 정면으로 맞섰습니다. 신군부는 군병력을 투입해 진압에 나섰습니다. 그래도 광주는 그들에게 무릎 꿇지 않았습니다. 그것이 광주입니다.

그들은 광주를 군화로 짓밟았습니다. 몽둥이로 때리고, 칼로 찔렀습니다. 총으로 쏘았고, 헬리콥터에서도 사격했습니다. 그래도 광주는 물러서지 않았습니다.

유혈의 현장에서 광주는 놀랍게도 질서를 유지했습니다. 배고픈 시위자에게 주먹밥을 나누었고, 피 흘린 시위자를 위해 헌혈했습니다. 그것이 광주입니다.

80년에만 그런 것이 아닙니다. 일제 강점기에는 광주학생들이 항일운동을 일으켜 3·1운동 이후 최대 규모의 전국적 시위를 선도했습니다. 해방 이후에도 광주사람들은 정의로운 항거에 늘 앞장섰고, 희생됐습니다. 그것이 광주입니다.

광주는 역사를 외면하지 않았습니다. 역사를 우회하지 않았습니다. 역사의 책임을 회피하지 않았습니다. 광주는 언제나 역사와 마주했습니다. 옳은 일에는 기쁘게 앞장섰고, 옳지 않은 일에는 기꺼이 맞섰습니다. 그것이 광주입니다.

항상 광주는 새날을 기다렸습니다. 그날이 쉽게 올 것 같지 않아도, 광주는 기다리며 싸웠습니다. 새날이 올 때까지 흔들리지 말자고 광주는 늘 맹세했습니다.

80년 5월, 광주는 신군부의 정권찬탈을 저지하고 싶었습니다. 대통령을 내손으로 뽑고 싶었습니다. 국민의 뜻에 따라 정권이 바뀌는 날을 앞당기고 싶었습니다. 남과 북이 협력하며 평화롭게 사는 날을 보고 싶었습니다.

그날은 쉽게 오지 않았습니다. 광주의 소망과 달리, 신군부는 정권을 장악했습니다. 대통령을 내손으로 뽑기까지는 7년이 걸렸습니다.

평화적 정권교체가 이루어진 것은 5·18로부터 17년 후였습니다. 그때 탄생한 정부가 조국분단 이후 최초의 남북정상회담을 실현했습니다. 두번째 남북정상회담이 열린 것은 5·18로부터 27년 후였습니다.

그 후로도 역사는 직진하지 않았습니다. 대통령의 부패와 무능이 이어졌습니다. 남북한 사이에 대화는 단절됐고, 대결은 첨예해졌습니다. 민주주의는 후퇴했고, 국정은 농단됐습니다.

그에 따라 2016년 초겨울부터 6개월 동안 전국에서 연인원 1,700만 명이 참가한 촛불혁명이 일어났습니다. 5·18정신은 촛불혁명으로 장엄하게 부활했습니다. 그 혁명으로 당시 대통령이 탄핵됐고, 문재인 정부가 탄생했습니다.

역사는 문재인 정부에게 국정을 바로세우고, 민주주의를 살리라고 명령했습니다. 남북대화를 복원하고, 한반도 평화를 정착시키라는 숙제를 주었습니다.

문재인 정부는 역사의 과제를 수행하고자 노력해왔고, 상당한 성과를 올리고 있습니다. 1년 사이에 여러 분야의 국정을 바로잡았습니다.

남북정상회담을 신속히 열어 한반도 비핵화와 평화정착의 기틀을 마련했습니다. 문재인 정부는 기필코 민주주의를 모든 분야에서 내실화하고, 한반도의 항구적 평화를 착근시키겠습니다.

안도현 시인은 말씀하셨습니다. “그날은 절대로 쉽게 오지 않는다. 그날은 깨지고 박살나 온몸이 너덜너덜해진 다음에 온다.”고 읊으셨습니다.

그러나 저는 믿습니다. 그날은 반드시 온다는 것을 믿습니다. 5·18 이후 38년의 역사가 그것을 증명합니다. 그날은 절대로 쉽게 오지 않지만, 그러나 그날은 반드시 온다는 것을 역사가 증명하고 있습니다.

38년 전 전남도청에서 끝까지 항전하다 산화하신 윤상원 열사는 말씀하셨습니다. “오늘 우리는 패배할 것이다. 그러나 내일의 역사는 우리를 승리자로 만들 것이다.”라고 하셨습니다.

영혼으로 결혼하시고 ‘임을 위한 행진곡’으로 부활하신 윤상원 열사의 말씀은 맞았습니다. 결국 광주는 승리자가 됐습니다. 앞으로도 광주는 승리할 것입니다.

역사에서 정의가 끝내 승리하듯이, 광주정신은 끝내 승리할 것입니다. 민주영령의 명복을 빕니다. 광주의 희생이 헛되지 않게 하겠습니다.
감사합니다.",,https://www.gwangjuin.com/news/articleView.html?idxno=100098,0,included,
25,문재인,문재인,2019,5.18,진보,"존경하는 국민 여러분, 광주시민과 전남도민 여러분!
어김없이 5월이 왔습니다. 떠난 분들이 못내 그리운 5월이 왔습니다. 살아 있는 5월이 왔습니다. 슬픔이 용기로 피어나는 5월이 왔습니다. 결코 잊을 수 없는 5월 민주영령들을 기리며 모진 세월을 살아오신 부상자와 유가족께 위로의 말씀을 드립니다. 진정한 애국이 무엇인지 삶으로 증명하고 계신 광주시민과 전남도민께 각별한 존경의 마음을 전합니다.
이제 내년이면 5·18민주화운동 40주년입니다. 그래서 대통령이 그때 그 기념식에 참석하는 것이 좋겠다는 의견들이 많았습니다. 하지만 저는 올해 기념식에 꼭 참석하고 싶었습니다. 광주시민께 너무나 미안하고, 부끄러웠고, 국민께 호소하고 싶었기 때문입니다.
특히 광주시민 여러분과 전남도민께 다시 한번 말씀드리고 싶습니다. 1980년 5월 광주가 피 흘리고 죽어갈 때 광주와 함께하지 못했던 것이 그 시대를 살았던 시민의 한 사람으로서 정말 미안합니다. 그때 공권력이 광주에서 자행한 야만적인 폭력과 학살에 대하여 대통령으로서 국민을 대표하여 다시 한번 깊이 사과드립니다.
아직도 5·18민주화운동을 부정하고 모욕하는 망언들이 거리낌 없이 큰 목소리로 외쳐지고 있는 현실이 국민의 한 사람으로서 너무나 부끄럽습니다. 개인적으로는 헌법 전문에 5·18정신을 담겠다고 한 약속을 지금까지 지키지 못하고 있는 것이 송구스럽습니다.

국민 여러분!
1980년 5월, 우리는 광주를 보았습니다. 민주주의를 외치는 광주를 보았고, 철저히 고립된 광주를 보았고, 외롭게 죽어가는 광주를 보았습니다. 전남도청을 사수하던 시민군의 마지막 비명소리와 함께 광주의5 월은 우리에게 깊은 부채의식을 남겼습니다. 5월의 광주와 함께하지 못했다는 것, 학살당하는 광주를 방치했다는 사실이 같은 시대를 살던 우리에게 지워지지 않는 아픔을 남겼습니다. 그렇게 우리는 광주를 함께 겪었습니다. 그때 우리가 어디에 있었든, 5월의 광주를 일찍 알았든 늦게 알았든 상관없이 광주의 아픔을 함께 겪었습니다. 그 부채의식과 아픔이 1980년대 민주화운동의 뿌리가 됐고, 광주시민의 외침이 마침내 1987년 6월 민주항쟁으로 이어졌습니다. 6월 민주항쟁은 5·18민주화운동의 전국적 확산이었습니다.
대한민국 민주주의는 광주에 너무나 큰 빚을 졌습니다. 대한민국 국민으로서 같은 시대 같은 아픔을 겪었다면, 그리고 민주화의 열망을 함께 품고 살아왔다면 그 누구도 그 사실을 부정할 수 없을 것입니다. 5·18민주화운동의 진실은 보수·진보로 나뉠 수가 없습니다. 광주가 지키고자 했던 가치가 바로 자유이고 민주주의였기 때문입니다. 독재자의 후예가 아니라면 5·18민주화운동을 다르게 볼 수가 없습니다. ‘광주사태’로 불렸던 5·18민주화운동이 광주민주화운동으로 공식적으로 규정된 것은 1988년 노태우정부 때였습니다. 김영삼정부는 1995년 특별법에 의해 5·18민주화운동을 광주민주화운동으로 규정했고, 드디어 1997년 5·18을 국가기념일로 제정했습니다. 대법원 역시 신군부의 12·12군사쿠데타부터 5·18민주화운동에 대한 진압과정을 군사반란과 내란죄로 판결했고, 광주 학살의 주범들을 사법적으로 단죄했습니다.

국민 여러분!
이렇게 우리는 이미 20년도 더 전에 5·18민주화운동의 역사적 의미와 성격에 대해 국민적 합의를 이뤘고 법률적인 정리까지 마쳤습니다. 이제 이 문제에 대한더 이상의 논란은 필요하지 않습니다. 의미 없는 소모일 뿐입니다. 우리가 해야할 일은 민주주의 발전에 기여한 5·18민주화운동에 감사하면서 우리의 민주주의를 더 좋은 민주주의로 발전시켜 나가는 것입니다. 그럴 때만이 우리는 더 나은 대한민국을 향해 서로 경쟁하면서도 통합하는 사회로 나아갈 수 있을 것입니다. 우리의 역사가 한 페이지씩 매듭을 지어가며 미래로 나아갈 수 있도록 국민여러분께서 마음을 모아 주시기 바랍니다.
하지만 학살의 책임자, 암매장과 성폭력 문제, 헬기 사격 등 밝혀내야 할 진실들이 여전히 많습니다. 아직까지 규명되지 못한 진실을 밝혀내는 것이 지금 우리가 해야 할 일입니다. 광주가 짊어진 무거운 역사의 짐을 내려놓는 일이며, 비극의 5월을 희망의 5월로 바꿔내는 일입니다. 당연히 정치권도 동참해야 할 일입니다. 우리가 모두 함께 광주의 명예를 지키고 남겨진 진실을 밝혀내야 합니다. 우리는 지금 새로운 대한민국으로 가고 있습니다. 5·18민주화운동 이전 유신 시대와 5공 시대에 머무는 지체된 정치의식으로는 단 한 발자국도 새로운 시대로 갈 수 없습니다. 우리는 5월이 지켜낸 민주주의의 토대 위에서 함께 나아가야 합니다. 광주로부터 빚진 마음을 대한민국의 발전으로 갚아야 합니다.

존경하는 국민 여러분, 광주시민과 전남도민 여러분!
지난해 3월 「5·18민주화운동 진상규명을 위한 특별법」이 제정됐습니다. 핵심은 진상조사규명위원회를 설치하여 남겨진 진실을 낱낱이 밝히는 것입니다. 그러나 아직도 위원회가 출범조차 못 하고 있습니다. 국회와 정치권이 더 큰 책임감을 가지고 노력해 주실 것을 촉구합니다. 우리 정부는 국방부 자체 5·18민주화운동특별조사위원회 활동을 통해 계엄군 헬기 사격, 성폭행과 추행, 성고문 등 여성인권 침해행위를 확인했고, 국방부장관이 공식 사과했습니다. 정부는 특별법에 의한 진상조사규명위원회가 출범하면 제 역할을 할 수 있도록 모든 자료를 제공하고 적극 지원할 것을 약속드립니다.

광주시민과 전남도민 여러분!
5·18민주화운동 39년이 된 오늘, 광주는 평범한 삶과 평범한 행복을 꿈꿉니다. 그해에 태어나 서른아홉 번의 5월을 보낸 광주의 아들딸들은 중년의 어른이 됐습니다. 결혼도 하고, 부모가 되기도 했을 것입니다. 진실이 상식이 된 세상에서 광주의 아들딸들이 함께 잘살아가게 되기를 저는 진심으로 바랍니다. 민주주의를 지켜낸 광주는 이제 경제민주주의와 상생을 이끄는 도시가 됐습니다. 노사정 모두가 양보와 나눔으로 사회적 대타협을 이뤄냈고 ‘광주형 일자리’라는 이름으로 사회통합형 일자리를 만들어냈습니다. 모든 지방자치단체가 부러워하며 제2, 제3의 광주형 일자리를 모색하고 있습니다. 광주형 일자리 타결로 국내 완성차 공장이 23년 만에 빛그린산업단지에 들어서게 됐습니다. 자동차산업도 혁신의 계기가 될 것입니다. 4차 산업혁명을 위한 광주의 노력도 눈부십니다. 미래 먹거리로 수소, 데이터, 인공지능산업 등을 앞장서 육성하고 있습니다. 지난 3월 국내 최초로 수소융합에너지실증센터를 준공한 데 이어 국내 최대규모 친환경 수소연료전지발전소 건설도 추진 중입니다. 도시 문제 해결을 위해 지방자치단체와 민간기업이 함께하는 스마트시티 챌린지 공모사업에도 광주가 최종 선정됐습니다.
광주는 국민안전에도 모범이 되고 있습니다. 감염병 대응, 국가안전대진단, 재해 예방 등을 포함한 재난관리평가에서 광주는 올해 17개 광역자치단체 중 재난관리 최우수기관으로 선정됐습니다. 교통사고 사망자 수 감소율 전국 1위를 달성하는 성과도 이뤘습니다. 광주시민과 공직자 모두가 전국에서 가장 안전한 광주 만들기에 노력한 결과입니다. 아픔을 겪은 광주가 안전한 대한민국을 만드는데 앞장서 주셔서 고맙습니다. 정부는 광주가 자신의 꿈을 이룰 수 있도록 항상 함께할 것입니다. 국민께서도 응원해 주시리라 믿습니다.

존경하는 국민 여러분, 광주시민과 전남도민 여러분!
오늘부터 228번 시내버스가 5월의 주요 사적지인 주남마을과 전남대병원, 옛도청과 5·18민주화운동기록관을 운행합니다. 228번은 대구 2·28민주운동을 상징하는 번호입니다. 대구에서도 518번 시내버스가 운행되고 있습니다. 대구달구벌과 광주 빛고을은 ‘달빛동맹’을 맺었고 정의와 민주주의로 결속했습니다. 광주에 대한 부정과 모욕이 이어지는 상황에서 권영진 대구시장님은 광주시민께 사과의 글을 올렸습니다. 두 도시는 역사 왜곡과 분열의 정치 를 반대하고 연대와 상생협력을 실천하고 있습니다. 이것이 우리가 가야 할 용서와 화해의 길입니다.
5월은 더 이상 분노와 슬픔의 5월이 되어서는 안 됩니다. 우리의 5월은 희망의 시작, 통합의 바탕이 되어야 합니다. 진실 앞에서 우리의 마음을 열어놓을 때 용서와 포용의 자리는 커질 것입니다. 진실을 통한 화해만이 진정한 국민통합의 길임을 오늘의 광주가 우리에게 가르쳐 주고 있습니다.

광주에는 용기와 부끄러움, 의로움과 수치스러움, 분노와 용서가 함께 있습니다. 광주가 짊어진 역사의 짐이 너무 무겁습니다. 그해 5월, 광주를 보고 겪은 온국민이 함께 짊어져야 할 짐입니다. 광주의 자부심은 역사의 것이고 대한민국의 것이며 국민 모두의 것입니다.
광주로부터 뿌려진 민주주의의 씨앗을 함께 가꾸고 키워내는 일은 행복한 일이 될 것입니다. 우리의 5월이 해마다 빛나고 모든 국민에게 미래로 가는 힘이되기를 바랍니다.
감사합니다.",,https://www.pa.go.kr/index.jsp,0,included,
26,문재인,문재인,2020,5.18,진보,"존경하는 국민 여러분, 광주·전남 시·도민 여러분!
5월 광주로부터 40년이 되었습니다. 시민들과 함께하는 5·18, 생활 속에서 되살아나는 5·18을 바라며 정부는 처음으로 5·18민주화운동 기념식을 망월동 묘역이 아닌 이곳 전남도청 앞 광장에서 거행합니다. 5·18항쟁 기간 광장은 서로의 안부를 확인하는 사랑방이었고, 용기를 나누는 항쟁의 지도부였습니다. 우리는 광장에서 결코 잊을 수 없는 대동세상을 보았습니다. 직접 시위에 참가하지 않은 시민들과 어린 학생들도 주먹밥을 나누고 부상자들을 돌보며, 피가 부족하면 기꺼이 헌혈에 나섰습니다. 우리는 독재권력과 다른 우리의 이웃들을 만났고, 목숨마저 바칠 수 있는 민주주의의 참모습을 보았습니다.
도청 앞 광장에 흩뿌려진 우리의 민주주의는 지난 40년 전국의 광장으로 퍼져나가 서로의 손을 맞잡게 했습니다. 드디어 5월 광주는 전국으로 확장되었고, 열사들이 꿈꾸었던 내일이 우리의 오늘이 되었습니다. 그러나 함께 잘살 수 있는 세상은 아직도 갈 길이 멉니다. 오늘 우리에게는 서로를 믿고 의지할 수 있는 더많은 광장이 필요합니다.
우리는 오늘 5·18광장에서 여전히 식지 않은 5월 영령들의 뜨거운 가슴을 만납니다. 언제나 나눔과 연대, 공동체 정신으로 되살아나는 5월 영령들을 기리며, 그들의 정신을 민주주의의 약속으로 지켜온 유공자, 유가족들께 깊은 위로와 존경의 마음을 바칩니다. 5월 정신을 키우고 나눠 오신 광주시민과 전남도민, 광주를 기억하고 민주주의를 지켜 주신 국민께도 각별한 감사의 말씀을 드립니다.

국민 여러분!
5월 정신은 평범한 사람들의 평범한 희망이 타인의 고통에 응답하며 만들어진 것입니다. 가족을 사랑하고, 이웃을 걱정하는 마음이 모여 정의로운 정신이 되었습니다.
광주시민의 서로를 격려하는 마음과 나눔이 계엄군의 압도적 무력에 맞설 수 있었던 힘이었습니다. 광주는 철저히 고립되었지만 단 한 건의 약탈이나 절도도 일어나지 않았습니다. 주인 없는 가게에 돈을 놓고 물건을 가져갔습니다. 그 정신은 지금도 우리 국민 한 사람 한 사람의 마음에 깃들어 있습니다. 코로나19 극복에서 세계의 모범이 되는 저력이 되었습니다. 병상이 부족해 애태우던 대구를 위해 광주가 가장 먼저 병상을 마련했고, 대구 확진자들은 건강을 되찾아 집으로 돌아갈 수 있었습니다. 5월 어머니들은 대구 의료진의 헌신에 정성으로 마련한 주먹밥 도시락으로 어려움을 나눴습니다.
5월 정신은 역사의 부름에 응답하며 지금도 살아 있는 숭고한 희생정신이 되었습니다. 1980년 5월 27일 새벽, 계엄군의 총칼에 이곳 전남도청에서 쓰러져간 시민들은 남은 이들이 더 나은 세상을 열어 갈 것이라 믿었습니다. 오늘의 패배가 내일의 승리가 될 것이라 확신했습니다. 산 자들은 죽은 자들의 부름에 응답하며 민주주의를 실천했습니다. 광주의 진실을 알리는 것이 민주화운동이 되었고, 5·18은 대한민국 민주주의의 위대한 역사가 되었습니다.
‘나라면 그날 도청에 남을 수 있었을까?’ 그 대답이 무엇이든 스스로에게 물어보는 시간을 가졌다면, 우리는 그날의 희생자들에게 응답한 것입니다. 사람이 사람끼리 서로 공감하며 아픔을 나누고 희망을 만들어내듯 우리는 진실한 역사와 공감하며 더 강한 용기를 얻고, 더 큰 희망을 만들어냈습니다. 그것이 오늘의 우리 국민입니다.

5월 정신은 더 널리 공감되어야 하고 세대와 세대를 이어 거듭 새롭게 태어나야 합니다. 한 청년이 말했습니다. “5·18에 대해 말할 수 있는 자격이 따로 있다면, 그것은 아직 5·18정신이 만개하지 않았다는 것입니다.” 5·18을 겪지 않은 세대가 태어나고 자라 한 가정의 부모가 되고, 우리 사회의 주축이 되었습니다. 그날 광주에 있지 않았던 사람들도 나름의 방식으로 함께 광주를 겪었습니다. 그렇습니다. 5월 정신은 누구의 것도 아닌 우리 모두의 것입니다. 5월 정신은 이 시대를 살아가는 우리들과 미래를 열어 가는 청년들에게 용기의 원천으로 끊임없이 재발견될 때 비로소 살아 있는 정신이라 할 수 있습니다. 5월 정신이 우리 마음에 살아 있을 때 5·18의 진실도 끊임없이 발굴될 것입니다. 5월 정신을 나누는 행사들이 5·18민주화운동 40년을 맞아 전국에서 펼쳐지고 있습니다. 어려운 시기 의미 있는 행사를 진행하고 계신 모든 분께 진심으로 감사드립니다. 저와 정부도 5월 정신이 우리 모두의 자부심이 되고, 미래세대의 마음과 삶을 더 풍요롭게 할 수 있도록 언제나 함께할 것입니다.
서로 돕고 나눌 수 있을 때 위기는 기회가 됩니다. 위기는 언제나 약한 사람들에게 더욱 가혹합니다. 우리의 연대가 우리 사회 가장 약한 사람들에게까지 미치고, 그들이 일어날 수 있을 때 위기를 극복하는 우리의 힘도 더 강해질 것입니다. 오늘 경과보고와 다짐을 낭독해준 차경태, 김륜이 님과 같은 미래세대가 정의롭고 공정한 세상에서 자신의 꿈을 마음껏 펼칠 수 있도록 우리 사회의 연대의 힘을 더 키워 가겠습니다.

국민 여러분!
광주시민은 아픔을 넘어서는 긍지로 5·18의 명예를 소중히 지켜 왔습니다. 광주 밖에서도 수많은 이들이 광주의 고통에 눈감지 않고 광주의 진실을 세상에 알렸습니다. 정부도 5·18의 진상규명에 최선을 다하겠습니다. 지난 5월 12일 본격적으로 활동을 시작한 5·18민주화운동 진상규명조사위원회가 남겨진 진실을 낱낱이 밝힐 수 있도록 지원을 아끼지 않겠습니다. 진실이 하나씩 세상에 드러날수록 마음의 응어리가 하나씩 풀리고, 우리는 그 만큼 더 용서와 화해의 길로 가까이 갈 수 있을 것입니다. 왜곡과 폄훼는 더 이상설 길이 없어질 것입니다. 발포 명령자 규명과 계엄군이 자행한 민간인 학살, 헬기 사격의 진실과 은폐·조작 의혹 같은 국가폭력의 진상은 반드시 밝혀내야 할것입니다.
처벌이 목적이 아닙니다. 역사를 올바로 기록하는 일입니다. 이제라도 용기를 내어 진실을 고백한다면 오히려 용서와 화해의 길이 열릴 것입니다. 5·18 행방불명자 소재를 파악하고, 추가 희생자의 명예회복과 배·보상에 있어서도 단 한명도 억울함이 없도록 하겠습니다.
지난해 이준규 총경에 대한 파면 취소에 이어 어제 5·18민주화운동으로 징계를 받았던 퇴직 경찰관 21명에 대한 징계처분 직권취소가 이뤄졌습니다. 경찰관뿐만 아니라 군인, 해직기자 같은 다양한 희생자들의 명예회복을 위해서도 노력하겠습니다. 진상규명의 가장 큰 동력은 광주의 아픔에 공감하는 국민입니다. 우리 국민은 민주공화국의 주권자로서 4·19혁명과 부마민주항쟁, 5·18민주화운동, 6월 민주항쟁과 촛불혁명까지 민주주의의 거대한 물줄기를 헤쳐 왔습니다. 5·18의 완전한 진실을 향한 국민의 발걸음도 결코 되돌리거나 멈춰 세울 수 없습니다. 국민께서 함께 밝혀내고 함께 기억하는 진실은 우리 사회를 더욱 정의롭게 만드는 힘이 되고, 국민 화합과 통합의 기반이 될 것입니다.
헌법 전문에 5·18민주화운동을 새기는 것은 5·18을 누구도 훼손하거나 부정할 수 없는 대한민국의 위대한 역사로 자리매김하는 일입니다. 2018년 저는 5·18 민주이념의 계승을 담은 개헌안을 발의한 바 있습니다. 언젠가 개헌이 이루어진다면 그 뜻을 살려 가기를 희망합니다. 5·18민주화운동 기념일을 지방공휴일로 지정한 광주시의 결정이 매우 뜻깊습니다. 5월 정신은 도청과 광장에서 끊임없이 되살아날 것입니다. 전남도청의 충실한 복원을 통해 광주의 아픔과 정의로운 항쟁의 가치를 역사에 길이 남길 수 있도록 정부도 적극 지원하겠습니다.

존경하는 국민 여러분, 광주, 전남 시, 도민 여러분!
40년 전 광주는 숭고한 용기와 헌신으로 이 나라의 주인이 누구인지를 보여주었습니다. 우리는 광주를 떠올리며 스스로 정의로운지를 물었고 그 물음으로 서로의 손을 잡으며 민주주의를 향한 용기를 잃지 않았습니다. 세상을 바꾸는 힘은 언제나 국민께 있습니다. 광주를 통해 우리는 서로의 마음을 더 많이 모으고, 더 많이 나누고, 더 깊이 소통하는 것이 민주주의라는 것을 경험했습니다. 우리에게 각인된 그 경험은 어떤 어려움 앞에서도 언제나 가장 큰 힘이 되어줄 것입니다. 이제 우리는 정치, 사회에서의 민주주의를 넘어 가정, 직장, 경제에서의 민주주의를 실현해야 하고, 나누고 협력하는 세계질서를 위해 다시 5월의 전남도청 앞 광장을 기억해야 합니다. 그것이 그날 도청을 사수하며 죽은 자들의 부름에 산 자들이 진정으로 응답하는 길입니다.
감사합니다.",,https://www.pa.go.kr/index.jsp,0,included,
27,문재인,문재인,2021,5.18,진보,"다시 우리들의 오월 광주입니다. 5·18민주묘지와 망월묘지공원으로 가는 길에 쌀밥같이 하얀 이팝나무꽃이 피었을 것입니다. 시민군, 주먹밥, 부상자를 실어 나르던 택시, 줄지어 선 헌혈. 함께 이웃을 지키고 살리고자 했던 마음이 민주주의입니다. 오늘 그 마음이 촛불을 지나 우리의 자랑스러운 민주주의가 되고 코로나19를 극복하는 힘이 되었다는 것을 감사하게 되새깁니다.

희망의 오월은 진상규명과 명예회복으로 열립니다. 지난해, ‘5·18민주화운동진상규명조사위원회’가 인권 유린과 폭력, 학살과 암매장 사건 등을 본격적으로 조사하기 시작했습니다. 올해 3월에는 계엄군이 유족을 만나 직접 용서를 구하는 화해와 치유의 시간이 있었습니다. 지난주 시민을 향해 기관총과 저격병까지 배치하여 조준 사격했다는 계엄군 장병들의 용기 있는 증언이 전해졌습니다. 이렇게 우리는 광주의 진실, 그 마지막을 향해 다가가고 있습니다. 진실을 외면하지 않은 분들께 진심으로 감사드립니다.

우리는 오월 광주와 함께합니다. 옛 전남도청 건물을 1980년 당시의 모습으로복원하기 위한 기본계획을 마쳤습니다. 박용준 열사는 등사원지에 철필로 원고를 옮겨 적어 광주시민들의 소식지 '투사회보'를 만들었습니다. 계엄군의 총이앗아간 그의 삶이 ‘박용준체’를 통해 우리 품으로 돌아옵니다. 민주주의를 새롭게 열어갈 미래세대들을 위한 오월의 선물들입니다.

우리는 영화 '택시운전사'의 기자 위르겐 힌츠페터(Jürgen Hinzpeter)를 기억합니다. 오월 광주의 참상을 전 세계에 알리고 마지막까지 현장을 지키며 기록했던 그의 뜻을 기려 오는 10월부터 ‘힌츠페터 국제보도상’을 시상합니다. 광주가 성취한 민주주의의 가치를 세계 시민들과 나누는 선물이 될 것입니다.

우리는 오늘 미얀마에서 어제의 광주를 봅니다. 오월 광주와 힌츠페터의 기자정신이 미얀마의 희망이 되길 간절히 기원합니다.
오월 민주 영령들을 마음 깊이 기리며, 모진 시간을 이겨온 부상자와 유가족께 존경과 위로를 드립니다. 민주와 인권, 평화의 오월은 어제의 광주에 머물지 않고 내일로 세계로 한 걸음 한 걸음 힘차게 나아갈 것입니다.",,https://www.pa.go.kr/index.jsp,0,excluded,presidential message submitted separately from on-site address (2021)
28,문재인,총리(김부겸),2021,5.18,진보,"존경하는 국민 여러분, 5·18 민주화운동 유공자와 유가족 여러분, 광주전남 시·도민 여러분,

다시, 5월입니다. 5월 영령의 혼이 살아 숨 쉬는 이곳에서 5·18민주영령들의 숭고한 희생을 가슴 깊이 새깁니다.

오랜 세월 그날의 아픔을 안고 살아오신 유공자와 유가족 여러분께도 깊은 위로의 말씀을 드립니다.

41년 전 5월, 우리의 민주주의는 신군부의 야욕에 무참히 짓밟혔습니다.

대구의 2·28민주운동, 대전의 3·8민주의거, 마산의 3·15의거를 통해 마침내 4·19혁명으로 꽃피운 민주주의의 봄이 다시 한 번 벼랑 끝에 내몰렸습니다.

부산과 마산에서 타오른 시민들의 저항과 ‘서울의 봄’을 지키고자 했던 힘이 약해져가던 바로 그때, 광주의 시민들이 일어섰습니다.

우리의 아버지요, 어머니요, 형제자매였던 평범한 시민들이 ‘비상계엄 철폐’, ‘유신세력 척결’을 외치며 거리의 투사가 되었습니다.

민주 시민을 폭도로 몰아세우며 총부리를 겨누던 군부독재의 무자비한 탄압에 피 흘리며 맞섰습니다.

부정한 권력이 야만과 광기로 내달릴 때, 광주는 깨어있는 시민의식과 민주역량을 보여주었습니다.

독재에 맞선 모든 이웃과 시민을 내 가족처럼 보듬어 안은 하나 된 공동체를 보여주었습니다.

5월 광주 이후, 그날의 진실을 알리는 일이 곧 민주화운동이 되었습니다.

5월 광주 없이는 대한민국의 민주주의를 말할 수 없습니다.

이 땅의 민주주의를 누리고 있는 우리 모두는 광주에 빚진 사람들입니다. 광주 시민 여러분, 감사합니다.

존경하는 광주시민과 전남도민 여러분,

41년 전, 광주에서 벌어진 일은 분명합니다.

신군부가 장악한 국가권력이 국민을 학살했습니다. 대한민국의 국무총리로서 광주시민과 5·18 영령 앞에, 고개 숙여 사죄드립니다.

화해와 용서는 지속적인 진상규명과 가해당사자들의 진정한 사과, 살아있는 역사로서 ‘오월 광주’를 함께 기억할 때 비로소 가능합니다.

용기 있는 증언과 고백이 이어지고 있습니다.

지난 3월, 계엄군으로 광주에 투입되었던 공수부대원이 자신의 총격으로 희생당한 고(故) 박병현씨 유가족을 만나 사죄했습니다. 고인의 형께서는 “늦게라도 사과해 주어 고맙다. 과거의 아픔을 잊어버리고 마음 편히 살아달라“며 따뜻하게 안아주셨습니다.

진실보다 위대한 사과와 애도는 없습니다. 진실의 고백은 화해와 용서의 시작입니다.

전국에 계신 여러 당사자와 목격자 여러분, 간곡히 호소드립니다. 더 늦기 전에, 역사 앞에 진실을 보여주십시오. 가족의 생사라도 확인하고 싶은 그 마음, 시신이라도 찾고 싶은 애절한 심정, 어떻게 목숨을 잃었는지라도 알고 싶은 안타까움을 조금이라도 헤아려 주십시오.

시간이 많지 않습니다. 오랜 세월 묶여있는 그 한을 풀어 주십시오. 누구도, 여러분에게 책임을 묻지 않을 것입니다.

여러분 또한 역사의 피해자였다는 사실을 우리 모두 알고 있습니다. 광주시민께서는 여러분을 따뜻하게 위로하고 안아주실 것입니다.

변화는 시작되고 있습니다. 지난해 ‘5·18민주화운동 진상규명 조사위원회’가 출범했습니다. 계엄군으로 투입되었던 장병들이 과거에 비해 적극적으로 진술에 나서고 있습니다.

아직도 찾지 못한 시신들, 헬기사격, 발포책임자 규명 등 아직 밝혀내야 할 진실들이 많습니다.

유가족과 광주 시민들께 약속드립니다. 대한민국은 ‘오월 광주’에 대한 완전한 진실이 규명될 때까지 결코 포기하지 않을 것입니다.

광주시민과 전남도민 여러분,

계엄군으로 참여했던 군인들의 용기 있는 진술로 진실이 밝혀지고 있는 이 시점에도, 내란목적 살인죄를 저지른 핵심 책임자들은 단 한마디의 고백과 사과도 없습니다.

역사의 이름으로, 광주의 이름으로, 요구합니다. 그날의 진실을 밝히고, 광주 앞에 무릎 꿇고 용서를 구하십시오.

터무니없는 왜곡과 날조로 5·18 영령과 유가족은 물론, 민주주의를 염원하는 대한민국 국민 모두를 모욕하는 용납할 수 없는 일도 있었습니다.

다시는 이런 일이 일어날 수 없도록 ‘5·18 민주화운동 등에 관한 특별법’을 개정하였습니다.

그러나 5·18민주화운동을 법으로 보호해야 한다는 사실이 너무나 안타깝습니다. 하루속히 우리 사회 구성원 모두가 ‘오월 광주’를 역사적 진실로 받아들이기를 바랍니다.

존경하는 국민 여러분, 광주시민과 전남도민 여러분,

5·18민주화운동과 그 정신은 혼돈의 시대를 밝힌 자랑스러운 우리의 역사입니다.

비단 우리만의 이야기가 아닙니다. 민주주의를 열망하며 투쟁하고 있는 전 세계 시민들에게도 광주는 희망입니다.

지금도 광주에서는 군부독재에 맞서 싸우고 있는 미얀마 시민들을 응원하기 위해 ‘임을 위한 행진곡’이 울려 퍼지고 있습니다. 비단 미얀마 뿐 아니라 전 세계 어디에서든, 부정과 불의, 민주주의를 짓밟는 세력에 저항하는 모든 시민들이 광주와 함께 반드시 승리하기를 바랍니다.

존경하는 국민 여러분,

절체절명의 상황에서도 시민들이 서로를 믿고 의지한 오월 광주의 정신은 코로나19 위기를 맞고 있는 지금의 대한민국에 너무나 절실합니다.

지난해 대구에서 코로나19 환자가 속출해 치료를 위한 의료시설마저 부족해진 극단의 위기에 처했을 때, 광주가 가장 먼저 손을 내밀어 주셨습니다.

‘빛고을전남대병원’과 ‘순천의료원’이 전국에서 맨 처음으로 대구의 환자들에게 병상을 내 주셨습니다. 끝없이 밀어닥치는 환자에 대구의 의료진들이 지쳐 쓰러져 갈 때, 광주시의사회가 ‘달빛의료지원단’을 꾸려 대구에 와주셨습니다. ‘오월어머니집’에서는 대구시민과 의료진들을 위해 따뜻한 도시락을 만들어 보내주셨습니다.

이것이 ‘오월 정신’입니다. 오월 정신은 달빛 동맹으로 이어졌습니다. 대구를 달리는 518버스, 광주를 달리는 228버스도 보았습니다.

오월 광주가 외롭지 않았듯이, 2020년 대구도 외롭지 않았습니다.

이곳에 분열과 갈등이 들어설 자리는 없습니다. 거짓으로 국민을 갈라놓은 일은 이제 멈추어야 합니다.

존경하는 국민 여러분,

오월 정신을 국민통합의 정신으로 계승해 나갑시다. 위대한 민주주의의 역사 아래, 분열과 대립을 넘어 더 큰 대한민국을 향해 나아갑시다.

이 땅의 민주주의를 지켜내신 민주영령과 유공자 여러분께 부끄럽지 않도록 혼신의 힘을 다해 대한민국 공동체를 지켜나갑시다.

다시 한 번, 엄숙한 마음으로 5·18민주영령들의 명복을 빕니다. 감사합니다.",,https://ko.wikisource.org/wiki/%EC%A0%9C41%EC%A3%BC%EB%85%84_5.18_%EB%AF%BC%EC%A3%BC%ED%99%94%EC%9A%B4%EB%8F%99_%EA%B8%B0%EB%85%90%EC%82%AC,0,included,
29,윤석열,윤석열,2022,5.18,보수,"존경하는 국민 여러분, 5·18민주화운동 유공자와 유가족 여러분,
오늘 민주화의 성지 광주에서 여러분을 뵙습니다. 취임 후 첫 국가기념일이자 첫 지역 방문입니다. 감회가 남다릅니다.
우리는 민주 영령들께서 잠들어 계시는 이곳에 숙연한 마음으로 섰습니다. 고귀한 희생에 경의를 표하며 머리 숙여 명복을 빕니다. 가족과 이웃, 벗을 잃은 아픔을 안고 살아가시는 5·18민주화운동 유공자와 유가족 여러분께도 깊은 위로의 말씀을 드립니다.
우리는 42년 전, 자유민주주의와 인권의 가치를 피로써 지켜낸 오월의 항거를 기억하고 있습니다.
그날의 아픔을 정면으로 마주하면서 우리는 이 땅에 자유민주주의를 발전시켜 왔습니다.
오월 정신은 보편적 가치의 회복이고, 자유민주주의 헌법 정신 그 자체입니다.
그 정신은 우리 모두의 것이고, 대한민국의 귀중한 자산입니다.
오월의 정신은 지금도 자유와 인권을 위협하는 일체의 불법 행위에 대해 강력하게 저항할 것을 우리에게 명령하고 있습니다.
5·18은 현재도 진행 중인 살아있는 역사입니다. 이를 책임 있게 계승해 나가는 것이야말로 우리의 후손과 나라의 번영을 위한 출발입니다.
오월 정신이 담고 있는 자유민주주의와 인권의 가치가 세계 속으로 널리 퍼져나가게 해야 합니다.
우리 모두가 자유와 인권이라는 보편적 가치를 당당하게 누릴 수 있어야 합니다. 그 누구의 자유와 인권이 침해되는 것도 방치되어서는 안 됩니다. 우리 모두 함께 지켜야 합니다.
이 자유와 인권의 가치를 지키고 확대해 나갈 책임은 온전히 우리의 손에 달려있습니다.
이제 광주와 호남이 자유민주주의와 인권이라는 보편적 가치 위에 담대한 경제적 성취를 꽃피워야 합니다.
AI와 첨단 기술기반의 산업 고도화를 이루고 힘차게 도약해야 합니다.
저와 새 정부는 민주 영령들이 지켜낸 가치를 승화시켜 번영의 길로 나아갈 수 있도록 최선을 다할 것입니다.
광주와 호남은 역사의 고비마다 시대가 나아가야 할 길을 밝혀주는 선구자 역할을 해왔습니다.
앞으로 대한민국이 새로운 도약을 이뤄가는 여정에서도 자유민주주의의 산실인 광주와 호남이 앞장설 것이라 확신합니다.

존경하는 광주시민 여러분,
저는 오월 정신을 확고히 지켜나갈 것입니다. 광주의 미래를 여러분과 함께 멋지게 열어갈 것을 약속드립니다. 올해 초 여러분께 손편지를 통해 전했던 그 마음 변치 않을 것입니다.
다시 한번, 민주 영령들의 정신을 기리며 그분들의 안식을 기원합니다.
그리고 오월 정신을 묵묵히 이어오신 유공자와 유가족 여러분께도 위로의 말씀을 드립니다. 희망을 잃지 않고 꿋꿋하게 살아가는 그분들의 용기에 깊이 감사드립니다.
자유민주주의와 인권의 가치는 우리 국민을 하나로 묶는 통합의 철학입니다. 그러므로 자유민주주의를 피로써 지켜낸 오월의 정신은 바로 국민 통합의 주춧돌입니다.
오월이 품은 정의와 진실의 힘이 시대를 넘어 영원히 빛날 수 있도록 우리 함께 노력합시다.
오월의 정신이 우리 국민을 단결하게 하고 위기와 도전에서 우리를 지켜줄 것이라고 저는 확신합니다. 그런 의미에서 자유와 정의, 그리고 진실을 사랑하는 우리 대한민국 국민 모두는 광주 시민입니다. 감사합니다.",,https://www.hani.co.kr/arti/politics/politics_general/1043315.html,0,included,
30,윤석열,윤석열,2023,5.18,보수,"존경하는 국민 여러분, 5·18 민주화운동 유공자와 유가족 여러분,
오늘 우리는 43년 전, 자유민주주의와 인권의 가치를 피로써 지켜낸 오월의 항거를 기억하고, 민주 영령들을 기리기 위해 이 자리에 함께 섰습니다.

민주 영령들의 희생과 용기에 깊은 경의를 표하며 명복을 빕니다.

오랜 세월 그날의 아픔을 가슴에 묻고 계신 5·18 민주화유공자와 유가족분들께 깊은 위로의 말씀을 드립니다.

이 땅의 자유민주주의는 저절로 얻어진 것이 아닙니다. 수많은 분들의 희생과 헌신으로 지켜낸 것입니다.

광주는 자유민주주의와 인권의 가치를 지켜낸 역사의 현장이었습니다.

오월의 정신은 우리 자유민주주의 헌법 정신 그 자체이고, 우리가 반드시 계승해야 할 소중한 자산입니다. 우리를 하나로 묶는 구심체입니다.

그리고 오월의 정신은 우리에게 자유민주주의를 지키기 위한 실천을 명령하고 있습니다.

우리가 오월의 정신을 잊지 않고 계승한다면 우리는 자유와 민주주의를 위협하는 모든 세력과 도전에 당당히 맞서 싸워야 하고 그런 실천적 용기를 가져야 합니다.

민주주의의 위기를 초래하는 안팎의 도전에 맞서 투쟁하지 않는다면 오월의 정신을 말하기 부끄러울 것입니다.

사랑하는 국민 여러분, 그리고 자랑스러운 광주시민과 전남도민 여러분

오월의 정신은 자유와 창의, 그리고 혁신을 통해 광주와 호남의 산업적 성취와 경제 발전에 의해 승화되고 완성됩니다.

저는 광주와 호남이 자유와 성취를 바탕으로 AI와 첨단 과학 기술의 고도화를 이루어 내고, 이러한 성취를 미래 세대에게 계승시킬 수 있도록 대통령으로서 제대로 뒷받침하겠습니다.

오늘 이 자리에 '오월의 어머니'들이 함께 하고 계십니다.

사랑하는 남편, 자식, 형제를 잃은 한을 가슴에 안고서도 오월의 정신이 빛을 잃지 않도록 일생을 바치신 분들입니다.

애통한 세월을 감히 헤아릴 수 없지만, 희망을 잃지 않고 살아가시는 분들의 용기에 다시 한 번 깊이 감사드립니다.

존경하는 국민 여러분
사랑하는 광주시민과 전남도민 여러분,

우리는 모두 오월의 정신으로 위협과 도전에 직면한 우리의 자유민주주의를 지키고 실천하며
창의와 혁신의 정신으로 산업의 고도화, 경제의 번영을 이루어 내야 합니다.

그것이 오월의 정신을 구현하는 길이고 민주영령들께 보답하는 길입니다.

오월의 정신으로 우리는 모두 하나가 되었습니다.
오월의 정신 아래 우리는 모두 하나입니다.

민주 영령들의 안식을 기원합니다.  ",,https://v.daum.net/v/20230518104214403,0,included,
31,윤석열,윤석열,2024,5.18,보수,"존경하는 국민 여러분, 5·18 민주화운동 유공자와 유가족 여러분, 올해도 5월 광주의 거리에는 이팝나무 꽃이 흐드러지게 피었습니다. 44년 전 5월, 광주시민과 학생들이 금남로에서, 도청에서 나누어 먹은 주먹밥을 닮은 새하얀 이팝나무 꽃입니다. 사방 도로가 모두 막히고 먹을 것도 떨어졌던 그때, 시민들은 너나 할 것 없이 쌀과 솥을 들고나와 골목에서 주먹밥을 만들었던 것입니다. 자유민주주의와 인권을 지키기 위해 광주가 하나 되어 항거했습니다.
1980년 5월, 광주의 그 뜨거운 연대가 오늘 대한민국의 자유와 번영을 이룬 토대가 됐습니다. 지금의 대한민국은 광주가 흘린 피와 눈물 위에 서 있습니다. 민주 영령들의 숭고한 희생에 경의를 표하며 마음을 다해 안식을 빕니다. 또한, 그날의 아픔을 가슴에 묻고 묵묵히 오월의 정신을 이어오신, 5·18 민주화운동 유공자와 유가족 여러분께 위로와 감사의 말씀을 드립니다.
국민 여러분, 오월의 정신이 깊이 뿌리내리면서, 대한민국은 자유민주주의의 꽃을 활짝 피워냈습니다. 국민 한 사람 한 사람이 누리는 정치적 자유와 인권은, 이제 세계 어느 나라와 비교해도 부족함이 없을 것입니다. 하지만, 지금 우리는 또 다른 시대적 도전을 마주하고 있습니다. 경제적 불평등이 불러온 계층 갈등, 그리고 기회의 사다리가 끊어지면서 날로 심화되는 사회 양극화가, 자유민주주의의 위기를 불러오고 있습니다.
정치적 자유는 확장되었지만, 경제적 자유를 누리지 못하는 수많은 국민들이 있습니다. 정치적 인권은 보장되고 있지만, 일상의 여유조차 누리기 어려운 국민들이 적지 않습니다. 경제를 빠르게 성장시켜서, 계층 이동의 사다리를 복원하고 국민이 누리는 자유와 복지의 수준을 더 높이 끌어올려야 합니다. 성장의 과실을 공정하게 나누고 사회적 약자를 더욱 두텁게 보호하여, 국민 모두가 행복한 '서민과 중산층 중심 시대'를 열어가야 합니다. 미래세대가 내일을 꿈꿀 수 있도록 도전과 기회의 토양을 더욱 단단히 다져야 합니다.
이를 통해 국민의 마음을 하나로 묶고 온 국민이 행복하고 풍요로운 희망찬 미래로 나아가야 합니다. 저는 이것이 오월의 정신을 이 시대에 올바르게 계승하는 일이며, 광주의 희생과 눈물에 진심으로 보답하는 길이라고 믿습니다. 민주 영령들께서 남겨주신, 자유민주주의의 위대한 유산을 더욱 굳건하게 지킬 것입니다. 국민의 삶을 더 세심하게 챙기면서, 더 큰 대한민국을 향해 국민과 함께 힘차게 나아갈 것입니다. 오월의 정신이 찬란하게 빛나는 새로운 미래를 열기 위해, 저와 정부의 모든 노력을 다하겠습니다.
국민 여러분, 1980년 5월, 광주 오월의 정신은 지금도 우리 속에 살아 숨 쉬고 있습니다. 다시 한번 우리 모두의 힘을 모아, 오월 민주 영령들의 큰 뜻을 실천하고, 자유와 번영의 대한민국을 함께 만들어 갑시다. 감사합니다.",,https://www.khan.co.kr/article/202405181058001,0,included,
32,윤석열,부총리(이주호),2025,5.18,보수,"존경하는 국민 여러분, 5.18 민주화 운동 유공자와 유가족 여러분, 광주 시민과 전남 도민 여러분, 오늘 우리는 민주 영령들께서 영면에 계신 이곳 5.18 민주묘지에서 함께 5월의 정신을 기립니다. 이 땅의 자유와 민주주의를 위해 헌신하신 민주 영령들의 고귀한 희생을 가슴 깊이 새기며 삼가 머리 숙여 명복을 빕니다. 헤아릴 수 없는 아픔 속에서 통한의 세월을 견뎌오신 5.18 민주화 운동 유공자와 유가족 여러분께도 깊은 위로의 말씀을 드립니다.

1980년 5월, 이곳 광주는 평범한 학생과 시민들이 민주, 정의, 인권의 가치를 목숨 바쳐 지켜낸 역사의 현장이었습니다. 자신의 안위보다 나라와 국민을 먼저 생각하며 망설임 없이 거리로 나온 우리의 부모, 형제, 자매들은 부정과 불의에 맞서 온몸을 던져 싸웠습니다. 그 피 끓는 5월 영령들의 외침과 이웃을 내 가족처럼 보듬어 하는 공동체 정신이 하나 되어 5월의 정신이 되었습니다. 그리고 그 5월의 정신 위에 오늘의 대한민국이 세워졌습니다. 서로의 고통을 끌어안으며 함께 써 내려간 희망이 있었기에 마침내 민주주의의 봄을 꽃피우고 눈부신 경제 발전을 일궈 사랑받고 존경받는 나라로 세계 속에 우뚝 설 수 있었습니다. 국민 여러분 5.18 민주화 운동은 광주의 역사를 넘어 우리 모두의 역사입니다. 함께 5월의 정신을 기리고 기억하는 것이야말로 오늘 우리가 누리는 자랑스러운 민주주의를 지키는 길입니다. 대한민국은 지금 곳곳에 갈등과 분열이 깊어지고 있습니다.

45년 전 5월의 광주가 보여주었던 연대와 통합의 정신은 지금 우리에게 꼭 필요한 가르침입니다. 우리 모두의 삶 속에 끊임없이 5월의 정신을 되살려 대화와 타협으로 진정한 국민통합의 길을 열어 나가야 합니다. 존경하는 국민 여러분 우리의 오늘은 5월 영령들이 그토록 꿈꾸었던 내일이었습니다. 서로의 다름을 존중하고 아픔에 공감하며 함께 미래를 향해 나아가는 것이야말로 5월의 광주에 대한 진정한 보답의 길이라 생각합니다. 정부는 5월이 꽃 피운 희망을 국민 여러분과 소중히 가꾸고 국민 통합의 원동력으로 삼아 흔들림 없이 5월의 정신을 이어 나가겠습니다. 1980년 숭고한 용기와 희생으로 지켜낸 위대한 민주주의 역사 위에서 대립과 분열을 넘어 더 큰 대한민국을 향해 함께 나아갑시다. 다시 한 번 5.18 민주화 운동 유공자와 유가족분들께 무한한 존경과 감사의 말씀을 드립니다. 감사합니다.",,https://www.youtube.com/watch?v=2it9mkayz3o,0,included,
